x0,y0,x1,y1
0.5003523865086532,0.9996053354602453,1.4996476134913468,1.0003946645397548
0.5006804670840624,0.9992106517215799,1.4993195329159377,1.0007893482784203
0.500983954275012,0.998815929104512,1.4990160457249881,1.001184070895488
0.5012625799782374,0.998421147495826,1.4987374200217627,1.001578852504174
0.5015160962587588,0.9980262863982681,1.4984839037412414,1.001973713601732
0.5017442761194196,0.9976313249828541,1.4982557238805807,1.0023686750171459
0.5019469142146458,0.9972362421435632,1.4980530857853545,1.0027637578564368
0.5021238275037143,0.9968410165541576,1.497876172496286,1.0031589834458423
0.502274855839148,0.996445626726846,1.4977251441608523,1.003554373273154
0.5023998624862287,0.9960500510724877,1.4976001375137717,1.0039499489275123
0.5024987345700478,0.9956542679620168,1.4975012654299527,1.0043457320379832
0.5025713834469753,0.995258255788751,1.497428616553025,1.004741744211249
0.5026177449979341,0.9948619930312375,1.4973822550020661,1.0051380069687625
0.5026377798414012,0.9944654583162803,1.497362220158599,1.0055345416837198
0.5026314734646169,0.9940686304817906,1.4973685265353833,1.0059313695182095
0.5025988362720628,0.9936714886390963,1.4974011637279374,1.0063285113609037
0.5025399035508619,0.9932740122343544,1.4974600964491382,1.0067259877656456
0.502454735353345,0.9928761811087133,1.4975452646466552,1.0071238188912868
0.502343416297625,0.9924779755568824,1.497656583702375,1.0075220244431176
0.5022060552875987,0.9920793763837809,1.4977939447124013,1.007920623616219
0.5020427851543602,0.9916803649589527,1.49795721484564,1.0083196350410473
0.5018537622215531,0.9912809232684566,1.498146237778447,1.0087190767315435
0.5016391657976933,0.9908810339639591,1.4983608342023067,1.0091189660360411
0.50139919759897,0.9904806804087873,1.49860080240103,1.0095193195912129
0.5011340811064638,0.9900798467207226,1.4988659188935363,1.0099201532792776
0.5008440608621034,0.9896785178113443,1.4991559391378968,1.010321482188656
0.5005294017080218,0.9892766794217658,1.4994705982919785,1.0107233205782344
0.5001903879742542,0.9888743181546317,1.499809612025746,1.0111256818453684
0.4998273226199496,0.9884714215022798,1.5001726773800506,1.0115285784977202
0.4994882852317748,0.9880679706419423,1.5005117147682254,1.0119320293580576
0.49917356168288524,0.9876639389602868,1.500826438317115,1.0123360610397132
0.49888341891968463,0.9872592998144226,1.5011165810803155,1.0127407001855775
0.49861810415306157,0.9868540266004603,1.5013818958469387,1.0131459733995398
0.4983778440985471,0.9864480928236821,1.5016221559014533,1.013551907176318
0.49816284427026386,0.9860414721699787,1.5018371557297365,1.0139585278300214
0.49797328833327903,0.9856341385781892,1.5020267116667214,1.014365861421811
0.49780933751866213,0.9852260663129643,1.5021906624813384,1.0147739336870358
0.4976711301051931,0.9848172300377604,1.5023288698948074,1.0151827699622396
0.4975587809712605,0.9844076048875625,1.50244121902874,1.0155923951124375
0.4974723812200459,0.9839971665409268,1.5025276187799546,1.0160028334590732
0.4974119978806083,0.9835858912909362,1.5025880021193923,1.016414108709064
0.4973776736869698,0.9831737561146594,1.5026223263130307,1.0168262438853406
0.49736942693676484,0.9827607387407161,1.5026305730632357,1.017239261259284
0.4973872514304579,0.9823468177145566,1.5026127485695426,1.0176531822854435
0.4974311164915643,0.9819319724610831,1.5025688835084363,1.018068027538917
0.4975009670677333,0.9815161833442562,1.5024990329322674,1.018483816655744
0.49759672391197957,0.9810994317233517,1.502403276088021,1.0189005682766483
0.49771828384278355,0.9806817000055619,1.502281716157217,1.0193182999944381
0.49786552008123164,0.9802629716946593,1.502134479918769,1.0197370283053409
0.49803828266284145,0.979843231435475,1.501961717337159,1.020156768564525
0.49823639892121685,0.9794224650539773,1.5017636010787838,1.0205775349460227
0.4984596740402147,0.979000659592768,1.501540325959786,1.020999340407232
0.49870789167087826,0.9785778033418553,1.5012921083291224,1.0214221966581447
0.49898081460901167,0.9781538858645935,1.501019185390989,1.0218461141354065
0.4992781855289328,0.9777288980187226,1.500721814471068,1.0222711019812774
0.499599727768659,0.9773028319724737,1.5004002722313416,1.0226971680275263
0.4999451461615445,0.9768756812157455,1.5000548538384562,1.0231243187842545
0.5003141279092087,0.9764474405663928,1.499685872090792,1.0235525594336072
0.500659343203757,0.9760180796916528,1.4993406567962437,1.0239819203083473
0.5009805137337209,0.9755875640148348,1.49901948626628,1.0244124359851654
0.5012773798688936,0.9751558593474096,1.4987226201311072,1.0248441406525906
0.5015497014416822,0.9747229319791573,1.4984502985583186,1.025277068020843
0.5017972584801995,0.97428874876891,1.4982027415198012,1.0257112512310902
0.5020198518884288,0.9738532772354231,1.4979801481115718,1.026146722764577
0.5022173040690447,0.9734164856478922,1.4977826959309557,1.026583514352108
0.5023894594847833,0.9729783431156264,1.4976105405152171,1.0270216568843737
0.5025361851546003,0.9725388196763801,1.4974638148454003,1.02746118032362
0.5026573710812549,0.972097886382846,1.4973426289187457,1.027902113617154
0.5027529306073854,0.9716555153868158,1.4972470693926152,1.0283444846131842
0.5028228006976128,0.9712116800205248,1.497177199302388,1.0287883199794752
0.5028669421447033,0.97076635487471,1.4971330578552973,1.0292336451252901
0.502885339698343,0.9703195158729296,1.4971146603016574,1.0296804841270706
0.5028780021156142,0.9698711403417175,1.4971219978843864,1.0301288596582827
0.5028449621328126,0.9694212070761706,1.497155037867188,1.0305787929238295
0.5027862763587995,0.9689696964006026,1.497213723641201,1.0310303035993975
0.5027020250906313,0.9685165902239299,1.4972979749093691,1.0314834097760701
0.5025923120527542,0.9680618720894978,1.4974076879472462,1.0319381279105022
0.5024572640615754,0.9676055272190929,1.497542735938425,1.0323944727809071
0.5022970306177302,0.967147542550934,1.49770296938227,1.0328524574490658
0.5021117834288396,0.9666879067714793,1.4978882165711607,1.0333120932285205
0.5019017158659963,0.9662266103409315,1.498098284134004,1.0337733896590682
0.5016670423576273,0.9657636455123734,1.4983329576423732,1.0342363544876263
0.5014079977247408,0.9652990063445097,1.4985920022752597,1.0347009936554898
0.5011248364618894,0.9648326887080393,1.498875163538111,1.0351673112919602
0.5008178319684499,0.9643646902857259,1.4991821680315507,1.0356353097142736
0.5004872757350429,0.9638950105662794,1.4995127242649575,1.0361049894337202
0.50013347649009,0.9634236508321995,1.4998665235099105,1.0365763491678002
0.49975675931162084,0.9629506141417742,1.5002432406883797,1.0370493858582255
0.49940302062036657,0.9624758739449462,1.5005969793796339,1.0375241260550536
0.4990725243488882,0.9619993873600238,1.5009274756511122,1.038000612639976
0.4987655167051782,0.9615211122930638,1.5012344832948221,1.038478887706936
0.4984822254505593,0.9610410075481447,1.501517774549441,1.038958992451855
0.4982228592223527,0.960559032937309,1.5017771407776477,1.0394409670626907
0.4979876069055204,0.9600751493896057,1.50201239309448,1.039924850610394
0.49777663705725456,0.9595893190586562,1.5022233629427457,1.0404106809413436
0.4975900973882108,0.9591015054281614,1.5024099026117894,1.0408984945718383
0.4974281143037681,0.9586116734147703,1.5025718856962322,1.0413883265852295
0.49729079250834357,0.9581197894677337,1.5027092074916568,1.041880210532266
0.4971782146754045,0.9576258216647844,1.5028217853245958,1.0423741783352152
0.4970904411854015,0.9571297398036965,1.5029095588145989,1.042870260196303
0.4970275099334031,0.9566315154890049,1.5029724900665973,1.0433684845109945
0.49698943620774916,0.9561311222133912,1.5030105637922513,1.0438688777866083
0.49697621264055897,0.9556285354332779,1.5030237873594414,1.0443714645667217
0.4969878092304417,0.9551237326382083,1.5030121907695586,1.0448762673617913
0.49702417343726146,0.9546166934136349,1.5029758265627389,1.0453833065863647
0.49708523034831803,0.9541073994967815,1.5029147696516822,1.045892600503218
0.49717088291481937,0.9535958348252958,1.5028291170851809,1.0464041651747038
0.49728101225704985,0.95308198557846,1.5027189877429503,1.0469180144215395
0.49741547803618574,0.9525658402107801,1.5025845219638145,1.0474341597892196
0.49757411889028,0.9520473894778287,1.5024258811097202,1.047952610522171
0.49775675293153826,0.9515266264542747,1.502243247068462,1.048473373545725
0.49796317830163855,0.951003546544082,1.5020368216983617,1.0489964534559175
0.4981931737815172,0.950478147482922,1.5018068262184832,1.0495218525170775
0.4984464994517491,0.9499504293328891,1.5015535005482512,1.0500495706671105
0.4987228973994016,0.9494203944696673,1.5012771026005987,1.0505796055303323
0.49902209246703133,0.9488880475623391,1.500977907532969,1.0511119524376604
0.49934379303933296,0.9483533955460753,1.5006562069606675,1.051646604453924
0.4996876918628285,0.9478164475879877,1.5003123081371719,1.0521835524120118
0.5000534668939127,0.9472772150464615,1.4999465331060877,1.052722784953538
0.5003976176483689,0.9467357020769075,1.4996023823516316,1.053264297923092
0.5007199200046841,0.9461918597758114,1.4992800799953163,1.053808140224188
0.5010201661996445,0.9456456404501343,1.498979833800356,1.054354359549865
0.5012981654111389,0.9450969977388687,1.4987018345888614,1.0549030022611308
0.5015537443000969,0.944545886733056,1.4984462556999034,1.0554541132669435
0.5017867475083313,0.9439922640936587,1.4982132524916691,1.0560077359063407
0.5019970381092717,0.9434360881666788,1.4980029618907287,1.0565639118333205
0.5021844980088211,0.9428773190949199,1.4978155019911792,1.0571226809050795
0.502349028293842,0.9423159189257991,1.4976509717061584,1.0576840810742003
0.5024905495260785,0.9417518517146314,1.4975094504739217,1.058248148285368
0.5026090019796504,0.9411850836228288,1.49739099802035,1.0588149163771705
0.502704345820593,0.9406155830104845,1.4972956541794074,1.0593844169895148
0.5027765612272868,0.9400433205228409,1.4972234387727135,1.0599566794771584
0.5028256484509896,0.9394682691701793,1.4971743515490106,1.06053173082982
0.5028516278160721,0.9388904044007079,1.497148372183928,1.0611095955992915
0.5028545396599419,0.9383097041660683,1.4971454603400582,1.0616902958339312
0.5028344442130357,0.9377261489791309,1.4971655557869645,1.0622738510208685
0.5027914214196371,0.9371397219637991,1.4972085785803633,1.0628602780362002
0.5027255707006582,0.9365504088965955,1.497274429299342,1.0634495911034039
0.5026370106598863,0.9359581982398576,1.497362989340114,1.0640418017601418
0.5025258787355418,0.9353630811664299,1.4974741212644584,1.0646369188335696
0.5023923307993229,0.9347650515757914,1.4976076692006774,1.065234948424208
0.5022365407054163,0.9341641061016177,1.497763459294584,1.0658358938983818
0.5020586997922296,0.9335602441108308,1.4979413002077708,1.0664397558891687
0.5018590163398496,0.9329534676942444,1.4981409836601507,1.0670465323057552
0.5016377149864509,0.9323437816489653,1.4983622850135494,1.0676562183510343
0.5013950361070614,0.9317311934527615,1.498604963892939,1.068268806547238
0.5011312351582455,0.9311157132306536,1.498868764841755,1.068884286769346
0.5008465819923844,0.9304973537140298,1.499153418007616,1.0695026462859698
0.5005413601453128,0.9298761301926267,1.4994586398546876,1.0701238698073727
0.500215866101126,0.9292520604597504,1.4997841338988744,1.070747939540249
0.49987040853798576,0.9286251647511454,1.5001295914620147,1.071374835248854
0.4995447826765462,0.9279954373397283,1.5004552173234544,1.072004562660271
0.4992391570636296,0.9273628270853751,1.500760842936371,1.0726371729146242
0.4989536855856988,0.9267272844901444,1.5010463144143018,1.073272715509855
0.49868850706268447,0.9260887618188958,1.5013114929373161,1.0739112381811036
0.4984437448779165,0.925447213216996,1.5015562551220842,1.0745527867830034
0.4982195066462449,0.9248025948245434,1.5017804933537557,1.075197405175456
0.4980158839222465,0.9241548648865517,1.501984116077754,1.0758451351134477
0.4978329519502014,0.9235039838585484,1.5021670480497993,1.0764960161414512
0.49767076945729966,0.9228499145070617,1.502329230542701,1.077150085492938
0.4975293784912958,0.9221926220044957,1.5024706215087047,1.077807377995504
0.497408804303576,0.9215320740179189,1.5025911956964244,1.0784679259820809
0.49730905527833996,0.9208682407913258,1.5026909447216603,1.079131759208674
0.49723012290832935,0.920201095220967,1.5027698770916709,1.0797989047790326
0.49717198181725814,0.9195306129233831,1.502828018182742,1.0804693870766167
0.4971345898288262,0.9188567722958192,1.502865410171174,1.0811432277041806
0.4971178880819199,0.9181795545687459,1.5028821119180804,1.0818204454312539
0.4971218011913327,0.9174989438502575,1.5028781988086677,1.0825010561497421
0.4971462374530743,0.9168149271621686,1.502853762546926,1.083185072837831
0.4971910890930811,0.9161274944676815,1.5028089109069194,1.0838725055323182
0.49725623255789697,0.9154366386905488,1.5027437674421034,1.0845633613094507
0.4973415288456651,0.9147423557257066,1.5026584711543352,1.085257644274293
0.49744682387555683,0.9140446444414039,1.5025531761244435,1.0859553555585957
0.49757194889357037,0.9133435066729063,1.5024280511064299,1.0866564933270932
0.4977167209124566,0.9126389472079007,1.5022832790875436,1.0873610527920987
0.49788094318337456,0.9119309737637717,1.5021190568166256,1.0880690262362276
0.4980644056967483,0.9112195969569697,1.501935594303252,1.0887804030430295
0.4982668857096878,0.9105048302647293,1.5017331142903125,1.08949516973527
0.4984881482972496,0.9097866899794363,1.5015118517027508,1.0902133100205629
0.49872794692475175,0.9090651951559796,1.5012720530752486,1.0909348048440197
0.49898602403831793,0.9083403675524504,1.5010139759616825,1.091659632447549
0.4992621116708078,0.9076122315645874,1.5007378883291926,1.092387768435412
0.49955593206029786,0.9068808141543829,1.5004440679397026,1.0931191858456164
0.4998671982783013,0.9061461447732914,1.5001328017216993,1.093853855226708
0.5001956148649627,0.9054082552804927,1.499804385135038,1.0945917447195066
0.5005069348613056,0.9046671301291944,1.499493065138695,1.095332869870805
0.5008010534916696,0.9039227219381526,1.499198946508331,1.0960772780618468
0.5010778779000145,0.9031749852509482,1.4989221220999862,1.0968250147490513
0.501337327370141,0.9024238766373955,1.4986626726298595,1.097576123362604
0.501579333518498,0.9016693547911903,1.4984206664815025,1.0983306452088093
0.50180384045859,0.9009113806233718,1.4981961595414106,1.0990886193766278
0.5020108049361387,0.9001499173511904,1.4979891950638617,1.0998500826488091
0.5022001964342957,0.8993849305819893,1.4977998035657047,1.1006150694180101
0.5023719972483506,0.8986163883917346,1.49762800275165,1.1013836116082647
0.502526202529538,0.8978442613978508,1.4974737974704626,1.1021557386021485
0.5026628202977036,0.8970685228260465,1.497337179702297,1.102931477173953
0.5027818714227511,0.896289148570849,1.4972181285772495,1.1037108514291505
0.5028833895749527,0.8955061172495924,1.497116610425048,1.1044938827504072
0.5029674211443685,0.894719410249646,1.4970325788556322,1.1052805897503537
0.5030340251297787,0.8939290117686979,1.4969659748702222,1.1060709882313018
0.5030832729976867,0.8931349088479523,1.4969167270023143,1.1068650911520475
0.5031152485121052,0.8923370913981322,1.4968847514878958,1.1076629086018677
0.5031300475359767,0.8915355522182201,1.4968699524640243,1.1084644477817798
0.5031277778052226,0.8907302870069076,1.4968722221947783,1.1092697129930922
0.5031085586765389,0.8899212943667624,1.496891441323462,1.1100787056332373
0.5030725208501786,0.88910857580116,1.4969274791498224,1.1108914241988397
0.5030198060690669,0.8882921357040641,1.4969801939309342,1.1117078642959357
0.5029505667956956,0.8874719813427752,1.4970494332043056,1.1125280186572246
0.5028649658683256,0.8866481228338031,1.4971350341316756,1.1133518771661965
0.5027631761381022,0.8858205731120488,1.4972368238618992,1.1141794268879508
0.5026453800887462,0.8849893478935141,1.497354619911255,1.1150106521064853
0.5025117694405353,0.8841544656317869,1.497488230559466,1.1158455343682125
0.5023625447403218,0.8833159474685713,1.4976374552596794,1.116684052531428
0.5021979149393565,0.8824738171785627,1.4978020850606446,1.1175261828214367
0.5020180969607012,0.8816281011089812,1.4979819030393,1.118371898891018
0.5018233152580058,0.8807788281141012,1.4981766847419953,1.119221171885898
0.5016138013674168,0.8799260294851262,1.4983861986325842,1.120073970514873
0.5013897934543563,0.879069738875772,1.4986102065456446,1.1209302611242273
0.5011515358568777,0.878209992223932,1.4988484641431232,1.1217900077760674
0.5008992786272589,0.8773468276698035,1.499100721372742,1.1226531723301958
0.5006332770734421,0.8764802854708587,1.499366722926559,1.1235197145291407
0.5003537913018643,0.8756104079140454,1.4996462086981368,1.124389592085954
0.5000610857631606,0.8747372392256042,1.4999389142368407,1.125262760774395
0.4997554288021411,0.8738608254788788,1.5002445711978603,1.1261391745211204
0.49946269874544874,0.8729811489581104,1.5005373012545526,1.1270188510418888
0.49918292540604253,0.8720981774018026,1.5008170745939589,1.1279018225981965
0.4989161306556392,0.8712118804409112,1.5010838693443622,1.1287881195590879
0.49866232838237484,0.8703222296564084,1.5013376716176265,1.1296777703435907
0.4984215244637988,0.8694291986332988,1.5015784755362027,1.1305708013667004
0.49819371675532076,0.8685327630109013,1.5018062832446808,1.131467236989098
0.4979788950941678,0.8676329005292244,1.5020211049058336,1.1323670994707749
0.49777704131884326,0.8667295910712794,1.5022229586811582,1.1332704089287198
0.4975881293040175,0.8658228167011935,1.502411870695984,1.1341771832988057
0.4974121250107162,0.8649125616979998,1.5025878749892851,1.1350874383019995
0.49724898655160926,0.8639988125850014,1.5027510134483921,1.136001187414998
0.4970986642711432,0.8630815581546261,1.5029013357288583,1.1369184418453735
0.49696110084019957,0.8621607894887036,1.5030388991598018,1.137839210511296
0.49683623136490623,0.8612364999741229,1.5031637686350952,1.1387635000258767
0.4967239835091718,0.8603086853138394,1.5032760164908296,1.1396913146861603
0.49662427763046396,0.8593773435332279,1.5033757223695374,1.1406226564667716
0.4965370269283029,0.8584424749817926,1.5034629730716984,1.1415575250182068
0.4964621376048961,0.8575040823302653,1.5035378623951052,1.142495917669734
0.49639950903729985,0.8565621705631435,1.5036004909627014,1.143437829436856
0.4963490339604569,0.8556167469667351,1.5036509660395443,1.1443832530332645
0.49631059866042426,0.8546678211127966,1.503689401339577,1.1453321788872028
0.4962840831770795,0.853715404837868,1.5037159168229217,1.1462845951621314
0.49626936151556744,0.8527595122184208,1.5037306384844338,1.1472404877815785
0.4962663018657309,0.8518001595419546,1.5037336981342704,1.1481998404580447
0.4962747668287535,0.8508373652741883,1.5037252331712478,1.149162634725811
0.4962946136502318,0.8498711500225058,1.5037053863497696,1.1501288499774935
0.496325694458888,0.8489015364958284,1.5036743055411135,1.151098463504171
0.49636785651013204,0.8479285494610949,1.5036321434898694,1.1520714505389045
0.4964209424336849,0.8469522156965404,1.5035790575663166,1.153047784303459
0.4964847904844808,0.8459725639419736,1.5035152095155206,1.1540274360580258
0.4965592347960757,0.8449896248462556,1.5034407652039257,1.1550103751537437
0.49664410563580436,0.8440034309121935,1.5033558943641971,1.1559965690878058
0.4967392296609435,0.843014016439061,1.503260770339058,1.1569859835609382
0.49684443017516217,0.842021417462965,1.5031555698248393,1.1579785825370343
0.496959527384559,0.8410256716952756,1.5030404726154425,1.1589743283047238
0.49708433865261703,0.8400268184593405,1.5029156613473844,1.1599731815406589
0.4972186787534301,0.8390248986257002,1.5027813212465713,1.1609751013742993
0.497362360122589,0.8380199545460225,1.5026376398774124,1.161980045453977
0.4975151931051443,0.8370120299859692,1.502484806894857,1.1629879700140304
0.4976769862000987,0.836001170057205,1.5023230137999026,1.1639988299427946
0.49784754630091466,0.8349874211487546,1.5021524536990867,1.1650125788512449
0.4980266789315592,0.8339708308579076,1.501973321068442,1.1660291691420919
0.4982141884776438,0.8329514479208644,1.5017858115223575,1.167048552079135
0.4984098784122539,0.8319293221433116,1.5015901215877474,1.1680706778566878
0.49861355151609893,0.8309045043311044,1.5013864484839023,1.169095495668895
0.49882501009165026,0.8298770462212295,1.501174989908351,1.17012295377877
0.4990440561709712,0.8288470004132099,1.50095594382903,1.1711529995867895
0.49927049171697807,0.8278144203011084,1.5007295082830232,1.1721855796988911
0.4995041188179071,0.8267793600062728,1.5004958811820943,1.1732206399937268
0.49974473987479495,0.8257418743109617,1.5002552601252064,1.1742581256890379
0.499992157781816,0.8247020185929764,1.5000078422181853,1.175297981407023
0.500246176099348,0.8236598487614175,1.4997538239006534,1.1763401512385818
0.5004936385511337,0.8226153656662037,1.4995063614488675,1.1773846343337955
0.50073458765648,0.8215685695522467,1.4992654123435212,1.1784314304477526
0.5009690687277211,0.8205194618409928,1.49903093127228,1.1794805381590066
0.5011971298155866,0.8194680451304384,1.4988028701844145,1.180531954869561
0.5014188216517091,0.8184143231936374,1.4985811783482919,1.181585676806362
0.5016341975884078,0.817358300975716,1.4983658024115933,1.1826416990242834
0.5018433135358901,0.8162999845894131,1.498156686464111,1.1837000154105863
0.5020462278970201,0.8152393813091682,1.4979537721029808,1.1847606186908313
0.5022430014998028,0.8141764995637824,1.4977569985001982,1.185823500436217
0.5024336975277386,0.8131113489276816,1.4975663024722623,1.1868886510723178
0.5026183814482069,0.8120439401108135,1.497381618551794,1.1879560598891858
0.502797120939037,0.810974284947214,1.497202879060964,1.1890257150527854
0.5029699858134271,0.8099023963822808,1.4970300141865738,1.1900976036177187
0.5031370479433755,0.8088282884587952,1.4968629520566252,1.1911717115412042
0.5032983811817847,0.8077519763017352,1.496701618818216,1.1922480236982642
0.5034540612834021,0.8066734761019253,1.4965459387165987,1.1933265238980741
0.5036041658247602,0.805592805098571,1.4963958341752406,1.1944071949014283
0.5037487741232763,0.8045099815607275,1.4962512258767244,1.1954900184392718
0.5038879671556722,0.8034250247677532,1.4961120328443287,1.196574975232246
0.5040218274758694,0.8023379549888021,1.4959781725241315,1.1976620450111972
0.5041504391325186,0.8012487934614073,1.4958495608674824,1.1987512065385921
0.5042738875863102,0.800157562369212,1.4957261124136907,1.1998424376307875
0.5043922596272198,0.7990642848189032,1.4956077403727812,1.2009357151810962
0.5045056432918286,0.7979689848164051,1.4954943567081724,1.2020310151835945
0.504614127780863,0.7968716872423879,1.495385872219138,1.2031283127576118
0.504717803377088,0.7957724178271507,1.4952821966229128,1.204227582172849
0.5048167613636858,0.7946712031249349,1.495183238636315,1.2053287968750648
0.5049110939432462,0.7935680704877247,1.4950889060567547,1.206431929512275
0.505000894157491,0.792463048038592,1.4949991058425098,1.2075369519614076
0.5050862558078475,0.7913561646446423,1.4949137441921534,1.2086438353553575
0.5051672733769803,0.7902474498896156,1.4948327266230206,1.2097525501103843
0.5052440419513885,0.7891369340461989,1.4947559580486125,1.210863065953801
0.5053166571451638,0.7880246480481028,1.4946833428548372,1.2119753519518972
0.5053852150250052,0.7869106234619552,1.4946147849749958,1.2130893765380448
0.505449812036574,0.7857948924590639,1.494550187963427,1.2142051075409361
0.5055105449322724,0.7846774877870978,1.4944894550677286,1.2153225122129023
0.5055675107005186,0.7835584427417354,1.4944324892994825,1.2164415572582647
0.505620806496587,0.7824377911383282,1.494379193503414,1.217562208861672
0.5056705295750772,0.7813155672836245,1.494329470424924,1.2186844327163757
0.5057167772240669,0.7801918059475967,1.4942832227759342,1.2198081940524035
0.505759646701001,0.7790665423354153,1.494240353299,1.220933457664585
0.5057992351703602,0.7779398120596088,1.494200764829641,1.2220601879403914
0.5058356396431498,0.7768116511124499,1.4941643603568513,1.2231883488875503
0.5058689569182424,0.7756820958386014,1.4941310430817587,1.224317904161399
0.505899283525602,0.7745511829080598,1.4941007164743991,1.2254488170919406
0.5059267156714142,0.7734189492894272,1.4940732843285869,1.2265810507105732
0.5059513491851396,0.7722854322235432,1.4940486508148614,1.2277145677764572
0.5059732794685043,0.7711506691975049,1.4940267205314965,1.2288493308024955
0.5059926014464365,0.7700146979191029,1.4940073985535645,1.2299853020808973
0.5060094095199528,0.7688775562916977,1.4939905904800483,1.2311224437083024
0.5060237975209945,0.7677392823895589,1.4939762024790066,1.2322607176104412
0.5060358586692107,0.7665999144336898,1.4939641413307903,1.2334000855663103
0.5060456855306787,0.7654594907681556,1.4939543144693221,1.2345405092318444
0.506053369978551,0.764318049836933,1.49394663002145,1.2356819501630671
0.5060590031556137,0.7631756301612969,1.493940996844387,1.2368243698387034
0.5060626754387393,0.7620322703177582,1.4939373245612615,1.237967729682242
0.50606447640521,0.7608880089165649,1.4939355235947906,1.2391119910834354
0.5060644948008903,0.7597428845807768,1.4939355051991103,1.2402571154192237
0.5060628185102203,0.758596935925923,1.4939371814897804,1.2414030640740774
0.5060595345280016,0.7574502015402508,1.4939404654719992,1.2425497984597498
0.5060547289329447,0.7563027199655689,1.493945271067056,1.2436972800344317
0.5060484868629443,0.7551545296786933,1.4939515131370562,1.2448454703213072
0.5060408924920478,0.7540056690734969,1.4939591075079528,1.2459943309265038
0.5060320290090794,0.7528561764435634,1.4939679709909213,1.2471438235564374
0.5060219785978841,0.7517060899654504,1.4939780214021166,1.2482939100345503
0.5060108224191496,0.7505554476825567,1.4939891775808511,1.249444552317444
0.5059986405937676,0.7494042874895944,1.4940013594062331,1.2505957125104061
0.5059855121876924,0.7482526471176635,1.4940144878123083,1.251747352882337
0.5059715151982542,0.7471005641199235,1.4940284848017464,1.2528994358800771
0.5059567265418863,0.7459480758578595,1.4940432734581144,1.254051924142141
0.5059412220432199,0.7447952194881355,1.4940587779567807,1.2552047805118651
0.5059250764255062,0.7436420319500303,1.4940749235744943,1.2563579680499704
0.5059083633023194,0.7424885499534472,1.494091636697681,1.2575114500465534
0.5058911551704979,0.7413348099674916,1.4941088448295026,1.258665190032509
0.5058735234042799,0.740180848209607,1.4941264765957205,1.2598191517903936
0.5058555382505885,0.7390267006352604,1.494144461749412,1.2609732993647402
0.5058372688254232,0.7378724029281689,1.4941627311745773,1.2621275970718318
0.5058187831113153,0.7367179904910559,1.4941812168886852,1.2632820095089448
0.5058001479558024,0.7355634984369277,1.4941998520441981,1.264436501563073
0.5057814290708805,0.7344089615808598,1.49421857092912,1.265591038419141
0.5057626910333921,0.733254414432281,1.4942373089666083,1.2667455855677197
0.5057439972863074,0.7320998911877448,1.494256002713693,1.267900108812256
0.5057254101408585,0.7309454257241756,1.4942745898591419,1.269054574275825
0.5057069907794874,0.7297910515925798,1.494293009220513,1.2702089484074208
0.5056887992595663,0.7286368020122065,1.494311200740434,1.2713631979877942
0.5056708945178531,0.7274827098651494,1.4943291054821473,1.2725172901348512
0.5056533343756439,0.7263288076913753,1.4943466656243565,1.2736711923086252
0.5056361755445854,0.7251751276841673,1.494363824455415,1.2748248723158333
0.5056194736331112,0.7240217016859708,1.494380526366889,1.2759782983140298
0.5056032831534665,0.7228685611846304,1.4943967168465337,1.27713143881537
0.5055876575292871,0.7217157373100039,1.494412342470713,1.2782842626899964
0.5055726491037001,0.7205632608309428,1.4944273508963,1.2794367391690575
0.5055583091479121,0.7194111621526252,1.4944416908520881,1.280588837847375
0.5055446878702553,0.7182594713142317,1.494455312129745,1.2817405286857686
0.5055318344256604,0.7171082179869489,1.49446816557434,1.2828917820130514
0.5055197969255261,0.7159574314722914,1.4944802030744742,1.284042568527709
0.5055086224479578,0.714807140700729,1.4944913775520425,1.2851928592992714
0.5054983570483471,0.7136573742306082,1.4945016429516533,1.2863426257693924
0.5054890457702658,0.7125081602473554,1.4945109542297348,1.2874918397526451
0.5054807326566486,0.7113595265629529,1.494519267343352,1.2886404734370476
0.5054734607612404,0.7102115006156734,1.49452653923876,1.289788499384327
0.5054672721602836,0.7090641094700649,1.494532727839717,1.2909358905299355
0.5054622079644229,0.7079173798171737,1.4945377920355778,1.2920826201828268
0.5054583083308054,0.7067713379749956,1.4945416916691954,1.2932286620250049
0.5054556124753563,0.705626009889145,1.4945443875246445,1.2943739901108555
0.5054541586852077,0.7044814211337322,1.494545841314793,1.2955185788662684
0.5054539843312637,0.703337596912438,1.4945460156687371,1.2966624030875626
0.5054551258808808,0.7021945620597776,1.4945448741191198,1.297805437940223
0.5054576189106493,0.7010523410425432,1.4945423810893512,1.2989476589574576
0.5054614981192549,0.6999109579614172,1.4945385018807456,1.3000890420385836
0.505466797340408,0.6987704365527463,1.4945332026595926,1.3012295634472544
0.5054735495558234,0.6976308001904685,1.494526450444177,1.3023691998095321
0.5054817869082369,0.696492071888185,1.4945182130917636,1.3035079281118156
0.5054915407144442,0.6953542743013673,1.4945084592855562,1.3046457256986332
0.5055028414783505,0.6942174297296941,1.49449715852165,1.3057825702703065
0.5055157189040156,0.6930815601195082,1.4944842810959849,1.3069184398804925
0.5055302019086871,0.691946687066387,1.4944697980913133,1.3080533129336136
0.5055463186358065,0.69081283181782,1.494453681364194,1.3091871681821805
0.5055640964679798,0.6896800152759855,1.4944359035320207,1.310319984724015
0.5055835620399032,0.6885482580006196,1.4944164379600975,1.311451741999381
0.5056047412512328,0.6874175802119722,1.4943952587487679,1.3125824197880283
0.5056276592793919,0.6862880017938437,1.4943723407206086,1.3137119982061567
0.505652340592306,0.6851595422966951,1.4943476594076945,1.3148404577033053
0.5056788089610583,0.6840322209408268,1.4943211910389422,1.3159677790591735
0.5057070874724594,0.6829060566196212,1.494292912527541,1.317093943380379
0.5057371985415235,0.681781067902842,1.494262801458477,1.3182189320971582
0.5057691639238457,0.6806572730399861,1.4942308360761547,1.319342726960014
0.5058030047278741,0.6795346899636845,1.4941969952721263,1.3204653100363155
0.5058387414270715,0.678413336293144,1.494161258572929,1.3215866637068558
0.5058763938719629,0.6772932293376295,1.4941236061280376,1.3227067706623705
0.5059159813020623,0.6761743860999782,1.4940840186979383,1.323825613900022
0.5059575223576761,0.6750568232801457,1.4940424776423245,1.3249431767198545
0.5060010350915797,0.6739405572787771,1.4939989649084209,1.3260594427212231
0.5060465369805621,0.6728256042008002,1.4939534630194384,1.3271743957992
0.5060940449368372,0.6717119798590374,1.4939059550631633,1.3282880201409628
0.5061435753193179,0.670599699777833,1.4938564246806825,1.3294003002221673
0.5061951439447513,0.6694887791966917,1.493804856055249,1.3305112208033085
0.5062487660987122,0.6683792330739265,1.4937512339012882,1.3316207669260736
0.5063044565464527,0.6672710760903116,1.4936955434535475,1.3327289239096884
0.5063622295436078,0.666164322652738,1.4936377704563923,1.3338356773472622
0.5064220988467528,0.6650589868978701,1.4935779011532473,1.33494101310213
0.5064840777238147,0.6639550826957993,1.4935159222761853,1.3360449173042008
0.5065481789643331,0.662852623653692,1.4934518210356669,1.337147376346308
0.5066144148895733,0.661751623119432,1.4933855851104267,1.338248376880568
0.5066827973624868,0.6606520941852518,1.4933172026375132,1.3393479058147482
0.506753337797524,0.6595540496913539,1.493246662202476,1.340445950308646
0.5068260471702937,0.6584575022295174,1.4931739528297063,1.3415424977704826
0.506900936027073,0.6573624641466904,1.4930990639729271,1.3426375358533096
0.5069780144941655,0.656268947548565,1.4930219855058346,1.343731052451435
0.5070572922871095,0.6551769643031335,1.4929427077128905,1.3448230356968665
0.5071387787197357,0.6540865260442249,1.4928612212802643,1.345913473955775
0.5072224827130746,0.6529976441750194,1.4927775172869253,1.3470023558249806
0.5073084128041152,0.6519103298715401,1.4926915871958848,1.34808967012846
0.5073965771544149,0.6508245940861209,1.4926034228455851,1.349175405913879
0.5074869835585616,0.6497404475508487,1.4925130164414384,1.3502595524491512
0.5075796394524893,0.6486579007809788,1.4924203605475108,1.351342099219021
0.5076745519216473,0.6475769640783239,1.4923254480783528,1.352423035921676
0.5077717277090252,0.6464976475346135,1.4922282722909748,1.3535023524653864
0.5078711732230339,0.6454199610348249,1.4921288267769661,1.354580038965175
0.5079728945452442,0.6443439142604841,1.4920271054547558,1.3556560857395157
0.5080768974379848,0.6432695166929352,1.4919231025620152,1.3567304833070646
0.5081831873517996,0.6421967776165791,1.4918168126482003,1.3578032223834207
0.5082917694327675,0.6411257061220799,1.4917082305672322,1.35887429387792
0.5084026485296853,0.6400563111095383,1.4915973514703145,1.3599436888904615
0.5085158292011139,0.6389886012916326,1.4914841707988857,1.3610113987083672
0.5086313157222927,0.6379225851967255,1.491368684277707,1.3620774148032744
0.50874911209192,0.6368582711719372,1.4912508879080797,1.3631417288280627
0.5088692220388032,0.6357956673861839,1.4911307779611964,1.364204332613816
0.5089916490283807,0.6347347818331823,1.491008350971619,1.3652652181668177
0.509116396269115,0.6336756223344187,1.4908836037308846,1.3663243776655813
0.5092434667187615,0.6326181965420825,1.490756533281238,1.3673818034579175
0.5093728630905124,0.6315625119419659,1.490627136909487,1.3684374880580341
0.5095045878590188,0.6305085758563264,1.4904954121409806,1.3694914241436738
0.5096386432662916,0.629456395446715,1.4903613567337077,1.370543604553285
0.5097750313274849,0.6284059777167682,1.4902249686725144,1.371594022283232
0.5099137538365608,0.6273573295149645,1.4900862461634385,1.3726426704850356
0.5100548123718399,0.6263104575373448,1.4899451876281593,1.3736895424626552
0.5101982083014384,0.625265368330198,1.4898017916985609,1.3747346316698021
0.5103439427885925,0.6242220682927093,1.4896560572114066,1.3757779317072907
0.5104920167968741,0.6231805636795751,1.489507983203125,1.376819436320425
0.5106424310952967,0.6221408606035803,1.4893575689047025,1.3778591393964197
0.5107951862633167,0.6211029650381417,1.4892048137366825,1.3788970349618583
0.5109502826957283,0.6200668828198148,1.489049717304271,1.3799331171801852
0.5111077206074565,0.6190326196507667,1.4888922793925428,1.3809673803492333
0.5112675000382485,0.6180001811012134,1.4887324999617508,1.3819998188987868
0.5114296208572655,0.6169695726118216,1.4885703791427338,1.3830304273881784
0.511594082767577,0.6159407994960779,1.4884059172324224,1.384059200503922
0.5117608853105587,0.6149138669426213,1.4882391146894407,1.3850861330573787
0.5119300278701967,0.6138887800175429,1.4880699721298027,1.3861112199824572
0.5121015096772978,0.6128655436666514,1.4878984903227017,1.3871344563333488
0.5122753298136102,0.6118441627177049,1.4877246701863893,1.388155837282295
0.5124514872158537,0.6108246418826093,1.487548512784146,1.3891753581173907
0.5126299806796626,0.6098069857595834,1.487370019320337,1.3901930142404166
0.5128108088634428,0.6087911988352912,1.4871891911365567,1.3912088011647088
0.5129939702921437,0.6077772854869421,1.4870060297078558,1.392222714513058
0.5131794633609476,0.6067652499843581,1.486820536639052,1.393234750015642
0.5133672863388776,0.6057550964920096,1.486632713661122,1.3942449035079905
0.513557437372326,0.6047468290710193,1.4864425626276736,1.3952531709289808
0.5137499144885034,0.6037404516811347,1.4862500855114962,1.3962595483188653
0.5139447155988126,0.6027359681826702,1.486055284401187,1.39726403181733
0.5141418385021458,0.6017333823384177,1.4858581614978539,1.3982666176615826
0.5143412808881083,0.6007326978155274,1.4856587191118915,1.3992673021844728
0.5145430403401702,0.5997339181873588,1.4854569596598295,1.4002660818126413
0.5147471143387471,0.5987370469353012,1.4852528856612526,1.401262953064699
0.5149535002642108,0.5977420874505659,1.4850464997357888,1.4022579125494343
0.5151621953998321,0.5967490430359489,1.4848378046001676,1.4032509569640514
0.5153731969346568,0.595757916907565,1.484626803065343,1.4042420830924354
0.5155865019663161,0.5947687121965541,1.4844134980336836,1.4052312878034463
0.5158021075037731,0.593781431950759,1.4841978924962265,1.4062185680492414
0.5160200104700065,0.5927960791363761,1.4839799895299932,1.4072039208636242
0.516240207704632,0.5918126566395787,1.4837597922953676,1.4081873433604215
0.5164626959664647,0.5908311672681137,1.483537304033535,1.4091688327318865
0.516687471936021,0.5898516137528713,1.4833125280639785,1.410148386247129
0.5169145322179641,0.5888739987494297,1.4830854677820353,1.4111260012505704
0.5171438733434914,0.5878983248395726,1.482856126656508,1.4121016751604276
0.5173754917726678,0.5869245945327823,1.4826245082273315,1.4130754054672179
0.5176093838967036,0.5859528102677076,1.4823906161032958,1.4140471897322926
0.51784554604018,0.5849829744136066,1.4821544539598195,1.4150170255863936
0.5180839744632221,0.5840150892717655,1.4819160255367774,1.4159849107282347
0.5183246653636212,0.5830491570768933,1.4816753346363782,1.4169508429231068
0.5185676148789071,0.5820851799984932,1.4814323851210922,1.417914820001507
0.5188128190883716,0.5811231601422097,1.4811871809116277,1.4188768398577905
0.5190602740150443,0.5801630995511537,1.480939725984955,1.4198369004488463
0.5193099756276213,0.5792050002072051,1.480690024372378,1.4207949997927949
0.5195619198423487,0.5782488640322918,1.4804380801576504,1.4217511359677082
0.519816102524861,0.5772946928896482,1.480183897475138,1.4227053071103517
0.5200725194919756,0.5763424885850513,1.4799274805080234,1.4236575114149486
0.5203311665134447,0.575392252868036,1.4796688334865542,1.424607747131964
0.5205920393136648,0.5744439874330884,1.479407960686334,1.4255560125669116
0.520855133573346,0.5734976939208202,1.4791448664266527,1.4265023060791797
0.5211204449311402,0.572553373919121,1.4788795550688585,1.427446626080879
0.5213879689852304,0.5716110289642917,1.4786120310147681,1.4283889710357083
0.5216577012948823,0.570670660542158,1.4783422987051162,1.429329339457842
0.5219296373819567,0.5697322700891642,1.4780703626180418,1.4302677299108357
0.5222037727323872,0.5687958589934483,1.4777962272676115,1.4312041410065515
0.5224801027976197,0.5678614285958984,1.477519897202379,1.4321385714041015
0.522758622996019,0.5669289801911899,1.4772413770039796,1.43307101980881
0.5230393287142396,0.5659985150288057,1.476960671285759,1.4340014849711942
0.523322215308563,0.5650700343140377,1.4766777846914356,1.4349299656859622
0.5236072781062026,0.5641435392089708,1.4763927218937962,1.4358564607910291
0.5238945124065758,0.56321903083345,1.476105487593423,1.4367809691665498
0.524183913482546,0.5622965102660303,1.4758160865174528,1.4377034897339696
0.5244754765816321,0.5613759785449097,1.4755245234183667,1.4386240214550903
0.5247691969271889,0.5604574366688458,1.4752308030728098,1.439542563331154
0.5250650697195587,0.5595408855980569,1.4749349302804402,1.440459114401943
0.5253630901371925,0.558626326255106,1.4746369098628065,1.441373673744894
0.5256632533377449,0.5577137595257701,1.4743367466622541,1.4422862404742298
0.5259655544591403,0.5568031862598939,1.4740344455408587,1.4431968137401059
0.526269988620613,0.5558946072722285,1.473730011379386,1.4441053927277714
0.5265765509237208,0.5549880233432546,1.4734234490762783,1.4450119766567453
0.5268852364533327,0.5540834352199918,1.4731147635466664,1.445916564780008
0.5271960402785921,0.5531808436167938,1.472803959721407,1.4468191563832062
0.527508957453855,0.5522802492161281,1.4724910425461444,1.447719750783872
0.5278239830196043,0.5513816526693436,1.472176016980395,1.4486183473306564
0.5281411120033414,0.5504850545974233,1.4718588879966579,1.4495149454025769
0.5284603394204537,0.5495904555917239,1.4715396605795457,1.450409544408276
0.5287816602750608,0.5486978562147031,1.4712183397249385,1.4513021437852969
0.5291050695608386,0.5478072570006323,1.4708949304391608,1.4521927429993677
0.5294305622618215,0.546918658456298,1.4705694377381777,1.453081341543702
0.5297581333531846,0.5460320610616901,1.4702418666468147,1.4539679389383098
0.5300877778020044,0.5451474652706786,1.4699122221979948,1.4548525347293213
0.5304194905680013,0.5442648715116767,1.469580509431998,1.4557351284883233
0.5307532666042605,0.5433842801882939,1.4692467333957389,1.4566157198117062
0.5310891008579356,0.5425056916799762,1.4689108991420636,1.457494308320024
0.5314269882709328,0.5416291063426354,1.4685730117290663,1.4583708936573647
0.5317669237805771,0.5407545245092672,1.468233076219422,1.459245475490733
0.5321089023202608,0.5398819464905578,1.4678910976797384,1.4601180535094425
0.5324529188200744,0.53901137257548,1.4675470811799247,1.46098862742452
0.5327989682074211,0.5381428030318792,1.467201031792578,1.4618571969681209
0.5331470454076144,0.5372762381070475,1.466852954592385,1.4627237618929527
0.5334971453444591,0.5364116780282888,1.46650285465554,1.4635883219717114
0.5338492629408178,0.5355491230034737,1.4661507370591813,1.4644508769965265
0.5342033931191604,0.5346885732215835,1.4657966068808386,1.4653114267784169
0.5345595308020997,0.5338300288532457,1.4654404691978993,1.4661699711467546
0.5349176709129115,0.5329734900512593,1.4650823290870874,1.467026509948741
0.5352778083760411,0.5321189569511104,1.4647221916239577,1.4678810430488898
0.5356399381175949,0.5312664296714797,1.4643600618824038,1.4687335703285205
0.5360040550658189,0.5304159083147394,1.4639959449341797,1.4695840916852607
0.5363701541515636,0.5295673929674425,1.4636298458484351,1.4704326070325577
0.5367382303087356,0.5287208837008027,1.463261769691263,1.4712791162991976
0.5371082784747367,0.5278763805711661,1.462891721525262,1.4721236194288343
0.5374802935908907,0.5270338836204742,1.462519706409108,1.4729661163795262
0.537854270602857,0.5261933928767184,1.4621457293971418,1.473806607123282
0.5382302044610336,0.5253549083543873,1.4617697955389652,1.4746450916456133
0.5386080901209479,0.5245184300549047,1.461391909879051,1.4754815699450958
0.5389879225436355,0.5236839579670612,1.4610120774563635,1.4763160420329393
0.539369696696009,0.5228514920674369,1.46063030330399,1.4771485079325637
0.5397534075512153,0.5220210323208171,1.4602465924487837,1.4779789676791835
0.5401390500889823,0.5211925786806008,1.4598609499110167,1.4788074213193998
0.5405266192959558,0.5203661310892013,1.4594733807040432,1.4796338689107993
0.5409161101660256,0.5195416894784404,1.4590838898339735,1.4804583105215603
0.5413075177006421,0.5187192537699347,1.458692482299357,1.481280746230066
0.5417008369091235,0.517898823875476,1.4582991630908755,1.4821011761245246
0.5420960628089533,0.5170803996974043,1.4579039371910458,1.4829196003025964
0.5424931904260681,0.5162639811289739,1.457506809573931,1.483736018871027
0.5428922147951382,0.515449568054714,1.4571077852048608,1.484550431945287
0.543293130959837,0.5146371603507819,1.456706869040162,1.485362839649219
0.5436959339731041,0.5138267578853106,1.4563040660268949,1.4861732421146903
0.5441006188973986,0.5130183605187496,1.4558993811026004,1.4869816394812514
0.5445071808049449,0.5122119681042002,1.4554928191950542,1.4877880318958008
0.5449156147779703,0.5114075804877446,1.4550843852220288,1.4885924195122564
0.5453259159089354,0.5106051975087693,1.4546740840910637,1.4893948024912316
0.5457380793007558,0.5098048190002826,1.4542619206992433,1.4901951809997183
0.5461521000670178,0.5090064447892266,1.4538478999329814,1.4909935552107743
0.5465679733321854,0.5082100746967838,1.4534320266678138,1.4917899253032172
0.546985694231802,0.5074157085386777,1.4530143057681972,1.4925842914613232
0.5474052579126834,0.506623346125469,1.4525947420873158,1.493376653874532
0.5478266595331054,0.505832987262846,1.4521733404668937,1.494167012737155
0.5482498942629843,0.5050446317519097,1.4517501057370148,1.4949553682480912
0.5486749572840511,0.5042582793894547,1.451325042715948,1.4957417206105463
0.5491018437900196,0.5034739299682439,1.4508981562099796,1.496526070031757
0.5495305489867479,0.5026915832772798,1.4504694510132512,1.497308416722721
0.5499610680923951,0.5019112391020699,1.4500389319076041,1.498088760897931
0.5503933963375705,0.5011328972248882,1.4496066036624287,1.4988671027751128
0.5508275289654787,0.5003565574250312,1.4491724710345204,1.4996434425749698
0.5512634612320587,0.4995822194790706,1.4487365387679405,1.5004177805209304
0.551701194916045,0.4988058759997329,1.4482988050839543,1.5011941240002682
0.5521407373356246,0.4980275200056798,1.4478592626643745,1.5019724799943213
0.5525820957812607,0.49724714455813196,1.4474179042187385,1.5027528554418692
0.5530252775127066,0.4964647427641771,1.4469747224872926,1.503535257235824
0.5534702897558983,0.4956803077802066,1.446529710244101,1.5043196922197946
0.5539171396997192,0.4948938328154855,1.4460828603002802,1.5051061671845156
0.5543658344926327,0.4941053111358608,1.4456341655073668,1.5058946888641402
0.5548163812391776,0.49331473606761356,1.4451836187608218,1.5066852639323876
0.5552687869963219,0.49252210100145866,1.4447312130036776,1.5074778989985425
0.555723058769668,0.4917273993966994,1.4442769412303313,1.5082726006033016
0.5561792035095059,0.49093062478554106,1.4438207964904934,1.50906937521446
0.5566372281067066,0.49013177077757,1.4433627718932927,1.509868229222431
0.5570971393884513,0.48933083106440417,1.442902860611548,1.5106691689355969
0.5575589441137895,0.4885277994245214,1.4424410558862097,1.5114722005754797
0.5580226489690191,0.4877226697282713,1.4419773510309801,1.5122773302717298
0.5584882605628833,0.4869154359430783,1.441511739437116,1.5130845640569228
0.5589557854215754,0.4861060921388425,1.4410442145784237,1.5138939078611586
0.559425229983547,0.485294632493545,1.440574770016452,1.5147053675064561
0.5598966005941087,0.48448105129906605,1.4401033994058903,1.515518948700935
0.5603699034998189,0.4836653429672231,1.4396300965001803,1.516334657032778
0.5608451448426502,0.4828475020360368,1.4391548551573488,1.5171524979639643
0.5613223306539278,0.4820275231762339,1.4386776693460712,1.5179724768237672
0.5618014668480273,0.48120540119799426,1.4381985331519718,1.5187945988020068
0.5622825592158277,0.4803811310579529,1.4377174407841715,1.5196188689420482
0.5627656134179061,0.47955470786646404,1.4372343865820931,1.520445292133537
0.5632506349774677,0.4787261268951388,1.4367493650225316,1.521273873104862
0.5637376292729992,0.47789538358466477,1.4362623707270001,1.522104616415336
0.5642266015306356,0.4770624735529186,1.4357733984693637,1.5229375264470821
0.564717556816231,0.4762273926033822,1.4352824431837683,1.5237726073966185
0.5652105000271203,0.4753901367338733,1.4347894999728792,1.5246098632661274
0.5657054358835614,0.47455070214560185,1.4342945641164382,1.5254492978543988
0.5662023689198465,0.4737090852525639,1.433797631080153,1.5262909147474366
0.5667013034750693,0.47286528269128547,1.4332986965249301,1.527134717308715
0.5672022436835346,0.47201929133092896,1.4327977563164649,1.5279807086690715
0.5677051934647991,0.47117110828377484,1.4322948065352004,1.5288288917162256
0.5682101565133277,0.4703207309160927,1.4317898434866718,1.5296792690839078
0.5687171362877523,0.4694681568594154,1.4312828637122472,1.5305318431405852
0.5692261359997172,0.46861338402223046,1.4307738640002825,1.53138661597777
0.5697371586022968,0.46775641060210466,1.430262841397703,1.5322435893978958
0.5702502067779697,0.46689723509825615,1.4297497932220302,1.5331027649017444
0.5707652829261317,0.46603585632459116,1.4292347170738682,1.5339641436754092
0.5712823891501323,0.46517227342322126,1.4287176108498676,1.5348277265767791
0.5718015272438156,0.46430648587847845,1.4281984727561843,1.535693514121522
0.5723226986775486,0.46343849353144617,1.4276773013224513,1.5365615064685543
0.5728459045837175,0.4625682965950239,1.4271540954162825,1.5374317034049765
0.5733711457416725,0.461695895669545,1.4266288542583276,1.5383041043304553
0.5738984225621008,0.4608212917589667,1.4261015774378993,1.5391787082410335
0.5744277350708078,0.45994448628765283,1.4255722649291922,1.5400555137123473
0.5749590828918841,0.45906548111777007,1.425040917108116,1.54093451888223
0.5754924652302361,0.458184278567319,1.424507534769764,1.541815721432681
0.5760278808534575,0.4573008814288226,1.4239721191465426,1.5426991185711776
0.5765653280730179,0.45641529298869427,1.4234346719269824,1.5435847070113058
0.5771048047247439,0.45552751704731037,1.4228951952752564,1.5444724829526897
0.5776463081485674,0.45463755793980987,1.4223536918514328,1.5453624420601901
0.5781898351675147,0.4537454205576475,1.4218101648324855,1.5462545794423526
0.5787353820659094,0.4528511103709258,1.4212646179340909,1.5471488896290744
0.579282944566762,0.4519546334515322,1.4207170554332382,1.548045366548468
0.5798325178083171,0.45105599649710937,1.4201674821916832,1.5489440035028907
0.5803840963197278,0.450155206855886,1.4196159036802727,1.5498447931441142
0.5809376739958282,0.4492522725523975,1.4190623260041724,1.5507477274476027
0.5814932440709724,0.4483472023141263,1.418506755929028,1.551652797685874
0.5820507990919069,0.4474400055990915,1.4179492009080934,1.552559994400909
0.5826103308896448,0.44653069262442036,1.4173896691103556,1.55346930737558
0.5831718305503054,0.44561927439593263,1.416828169449695,1.5543807256040678
0.5837352883848878,0.44470576273877077,1.4162647116151126,1.5552942372612297
0.5843006938979385,0.44379017032911006,1.4156993061020617,1.5562098296708904
0.5848680357550803,0.44287251072698264,1.4151319642449198,1.5571274892730178
0.5854373017493614,0.44195279841025065,1.4145626982506387,1.5580472015897497
0.5860084787663882,0.4410310488097643,1.413991521233612,1.558968951190236
0.5865815527482021,0.44010727834574154,1.413418447251798,1.5598927216542589
0.5871565086558594,0.4391815044654066,1.4128434913441408,1.5608184955345938
0.5877333304306737,0.4382537456819249,1.4122666695693264,1.5617462543180756
0.5883120009540782,0.4373240216146733,1.411687999045922,1.562675978385327
0.5888925020060671,0.43639235303088486,1.4111074979939329,1.5636076469691154
0.58947481422217,0.43545876188870664,1.41052518577783,1.5645412381112935
0.5900589170489171,0.43452327138171176,1.409941082951083,1.5654767286182885
0.590644788697751,0.4335859059849056,1.409355211302249,1.5664140940150946
0.5912324060973382,0.4326466915022663,1.4087675939026618,1.5673533084977338
0.5918217448442353,0.4317056551158614,1.4081782551557647,1.5682943448841387
0.5924127791518655,0.4307628254365806,1.4075872208481346,1.5692371745634195
0.5930054817977567,0.4298182325565263,1.4069945182022434,1.570181767443474
0.5935998240689967,0.42887190810310183,1.4064001759310034,1.5711280918968984
0.5941957757058584,0.42792388529483927,1.4058042242941418,1.572076114705161
0.5947933048435486,0.42697419899900513,1.4052066951564515,1.573025801000995
0.5953923779520354,0.4260228857910247,1.4046076220479649,1.5739771142089753
0.5959929597739072,0.425069984015763,1.4040070402260931,1.574930015984237
0.5965950132602208,0.42411553385069994,1.4034049867397795,1.5758844661493001
0.5971984995042927,0.4231595773710362,1.4028015004957077,1.5768404226289638
0.5978033776733919,0.4222021586167644,1.4021966223266087,1.5777978413832356
0.5984096049382929,0.4212433236617388,1.4015903950617077,1.5787566763382612
0.5990171364006497,0.4202831206847739,1.4009828635993509,1.579716879315226
0.5996259250181529,0.4193216000428012,1.4003740749818476,1.5806783999571987
0.6002359215274345,0.4183588143461089,1.399764078472566,1.581641185653891
0.6008470743646893,0.4173948185356873,1.3991529256353112,1.5826051814643125
0.6014593295839825,0.41642966996269937,1.3985406704160182,1.5835703300373003
0.6020726307732196,0.4154634284700903,1.397927369226781,1.5845365715299093
0.6026869189677557,0.4144961564763467,1.397313081032245,1.585503843523653
0.6033021325616293,0.41352791906141023,1.3966978674383712,1.5864720809385895
0.603918207216408,0.412558784054746,1.3960817927835925,1.5874412159452538
0.6045350757676413,0.4115888221255573,1.3954649242323591,1.5884111778744425
0.6051526681289222,0.4106181068751341,1.3948473318710783,1.5893818931248658
0.6057709111935651,0.40964671493131305,1.3942290888064355,1.5903532850686868
0.6063897287339175,0.408674726045019,1.3936102712660832,1.5913252739549808
0.6070090412983301,0.40770222318884924,1.3929909587016707,1.5922977768111506
0.6076287661058213,0.4067292926576506,1.3923712338941796,1.5932707073423493
0.6082488169384813,0.4057560241710289,1.3917511830615195,1.594243975828971
0.6088691040316748,0.40478251097771867,1.391130895968326,1.5952174890222812
0.6094895339621107,0.40380884996172756,1.39051046603789,1.5961911500382724
0.610110009533865,0.40283514175015556,1.3898899904661357,1.5971648582498443
0.6107304296624557,0.4018614908225744,1.389269570337545,1.5981385091774254
0.6113506892570858,0.40088800562183574,1.388649310742915,1.599111994378164
0.611970679101187,0.3999147986661591,1.388029320898814,1.6000852013338407
0.6125902857314183,0.39894198666233105,1.3874097142685826,1.6010580133376688
0.6132093913152914,0.3979696906198281,1.3867906086847095,1.6020303093801718
0.6138278735276185,0.396998035965652,1.3861721264723825,1.6030019640343478
0.6144456054260006,0.3960271526596444,1.3855543945740005,1.6039728473403554
0.6150624553256013,0.39505717531002305,1.3849375446743997,1.6049428246899766
0.615678286673476,0.394088243288854,1.3843217133265249,1.6059117567111456
0.6162929579227553,0.39312050084714845,1.3837070420772457,1.6068794991528512
0.6169063224070128,0.392154097229242,1.3830936775929883,1.6078459027707577
0.617518228215179,0.39118918678608416,1.3824817717848221,1.6088108132139154
0.6181285180673952,0.3902259290870323,1.381871481932606,1.6097740709129673
0.6187370291922394,0.3892644890297112,1.3812629708077617,1.6107355109702883
0.6193435932057905,0.38830503694746404,1.3806564067942106,1.6116949630525355
0.6199480359930396,0.38734774871388167,1.3800519640069615,1.6126522512861179
0.6205501775921933,0.3863928058438615,1.3794498224078078,1.613607194156138
0.6211498320824597,0.3854403955906055,1.3788501679175413,1.614559604409394
0.6217468074759491,0.38449071103792715,1.378253192524052,1.6155092889620724
0.6223409056143671,0.3835439511871948,1.377659094385634,1.6164560488128046
0.6229319220712224,0.38260032103819724,1.3770680779287787,1.6173996789618021
0.6235196460603201,0.3816600316631734,1.376480353939681,1.618339968336826
0.6241038603513567,0.38072330027320533,1.3758961396486444,1.6192766997267942
0.6246843411934822,0.37979035027612995,1.375315658806519,1.6202096497238696
0.6252608582477406,0.37886141132508244,1.3747391417522605,1.6211385886749172
0.6258331745293497,0.3779367193567417,1.3741668254706514,1.622063280643258
0.6264010463608248,0.3770165166183077,1.3735989536391764,1.622983483381692
0.6269642233369982,0.3761010516822006,1.373035776663003,1.6238989483177992
0.6275224483030278,0.37519057944743606,1.3724775516969734,1.6248094205525638
0.6280754573465311,0.37428536112659494,1.37192454265347,1.625714638873405
0.6286229798050144,0.37338566421727704,1.3713770201949869,1.6266143357827227
0.6291647382898056,0.37249176245690085,1.3708352617101958,1.627508237543099
0.6297004487277239,0.3716039357596907,1.3702995512722773,1.628396064240309
0.6302298204217457,0.37072247013467635,1.3697701795782555,1.6292775298653235
0.6307525561319404,0.36984765758352256,1.3692474438680609,1.6301523424164772
0.6312683521779626,0.36897979597700287,1.3687316478220386,1.6310202040229969
0.6317768985643861,0.3681191889089407,1.368223101435615,1.631880811091059
0.6322778791301578,0.3672661455264564,1.3677221208698433,1.6327338544735432
0.6327709717234312,0.3664209803353864,1.36722902827657,1.6335790196646134
0.63325584840301,0.36558401297977744,1.3667441515969911,1.6344159870202224
0.6337321756675877,0.36475556799441244,1.3662678243324133,1.6352444320055874
0.6341996147139168,0.36393597452938403,1.3658003852860843,1.6360640254706158
0.634657821724967,0.3631255660458135,1.3653421782750341,1.6368744339541863
0.6351064481890484,0.3623246799819031,1.3648935518109528,1.6376753200180967
0.6355451412507733,0.36153365738861876,1.364454858749228,1.638466342611381
0.6359735440946106,0.36075284253442463,1.3640264559053907,1.6392471574655751
0.6363912963616493,0.35998258247863146,1.363608703638352,1.6400174175213682
0.6367980346000357,0.35922322661307926,1.3632019653999656,1.6407767733869205
0.6371933927493721,0.3584751261720487,1.362806607250629,1.641524873827951
0.6375770026591767,0.3577386337104879,1.3624229973408244,1.6422613662895118
0.6379484946412926,0.35701410255084953,1.3620515053587086,1.6429858974491502
0.6383074980559085,0.35630188619905506,1.3616925019440926,1.6436981138009448
0.6386536419306101,0.35560233773034494,1.361346358069391,1.6443976622696548
0.6389865556116193,0.3549158091460217,1.361013444388382,1.645084190853978
0.639305869446108,0.3542426507023598,1.3606941305538933,1.6457573492976398
0.6396112154941868,0.35358321021322814,1.3603887845058145,1.6464167897867714
0.6399022282688717,0.35293783232825443,1.3600977717311296,1.6470621676717452
0.6401785455020309,0.35230685778864446,1.3598214544979703,1.6476931422113552
0.6404398089340049,0.35169062266306067,1.3595601910659962,1.648309377336939
0.6406856651242847,0.35108945756624976,1.3593143348757164,1.64891054243375
0.6409157662803279,0.35050368686339206,1.3590842337196734,1.6494963131366078
0.64112977110129,0.3499336278634193,1.3588702288987111,1.6500663721365807
0.6413273456331636,0.34937959000480795,1.3586726543668375,1.650620409995192
0.6415081641315384,0.34884187403759986,1.3584918358684626,1.6511581259624
0.6416719099279456,0.34832077120562493,1.3583280900720553,1.651679228794375
0.6418182762955159,0.3478165624330981,1.358181723704485,1.6521834375669018
0.6419469673094795,0.3473295175199321,1.3580530326905216,1.6526704824800678
0.6420576986978676,0.34685989435024106,1.3579423013021334,1.6531401056497588
0.6421501986776404,0.34640793811860987,1.3578498013223606,1.65359206188139
0.6422242087713781,0.3459738805787591,1.357775791228623,1.6540261194212407
0.642279484599618,0.34555793931925183,1.357720515400383,1.654442060680748
0.6423157966439292,0.3451603170708552,1.3576842033560719,1.6548396829291445
0.642332930975854,0.3447812010500915,1.3576670690241472,1.6552187989499083
0.6423306899469537,0.34442076234338476,1.3576693100530475,1.655579237656615
0.6423088928353433,0.3440791553360332,1.3576911071646578,1.6559208446639666
0.6422673764443004,0.3437565171900122,1.3577326235557008,1.6562434828099877
0.6422059956487925,0.34345296737433983,1.3577940043512087,1.6565470326256602
0.6421246238860643,0.34316860725142095,1.357875376113937,1.6568313927485792
0.642023153586777,0.34290351972242467,1.3579768464132242,1.6570964802775754
0.6419014965435862,0.3426577689343534,1.358098503456415,1.6573422310656467
0.6417595842144709,0.3424314000510291,1.3582404157855303,1.657568599948971
0.6415973679585953,0.3422244390897613,1.358402632041406,1.657775560910239
0.6414148192029755,0.3420368928249779,1.358585180797026,1.6579631071750223
0.6412119295387381,0.3418687487595975,1.3587880704612634,1.6581312512404027
0.6409887107462897,0.34171997516441105,1.3590112892537116,1.6582800248355891
0.6407451947492537,0.3415905211852233,1.3592548052507476,1.6584094788147767
0.6404814334975705,0.3414803170169928,1.359518566502431,1.6585196829830073
0.6401974987806934,0.3413892741437036,1.359802501219308,1.6586107258562965
0.6398934819723356,0.3413172856422175,1.3601065180276657,1.6586827143577827
0.6395694937087211,0.3412642265478856,1.3604305062912803,1.6587357734521146
0.6392256635027751,0.34122995427926545,1.3607743364972262,1.6587700457207348
0.6388621392971331,0.3412143091188845,1.3611378607028684,1.6587856908811158
0.6384790869592534,0.34121711474662336,1.361520913040748,1.658782885253377
0.6380766897222907,0.34123817882197083,1.3619233102777106,1.6587618211780295
0.6376551475757066,0.3412772936111225,1.3623448524242947,1.6587227063888779
0.6372146766098704,0.3413342366546634,1.362785323390131,1.658665763345337
0.6367555083191271,0.3414087714713912,1.3632444916808744,1.6585912285286093
0.6362778888679851,0.34150064829370536,1.3637221111320164,1.6584993517062951
0.6357820783251976,0.34160960482989994,1.3642179216748038,1.6583903951701007
0.6352683498705848,0.34173536704866464,1.3647316501294167,1.658264632951336
0.6347369889794666,0.3418776499811075,1.3652630110205348,1.658122350018893
0.6341882925895508,0.3420361585356675,1.3658117074104508,1.6579638414643332
0.6336225682550514,0.3422105883213831,1.3663774317449502,1.6577894116786176
0.633040133292702,0.3424006264751156,1.3669598667072995,1.657599373524885
0.6324413139241785,0.34260595248849557,1.367558686075823,1.6573940475115052
0.6318264444192612,0.3428262390305613,1.3681735555807404,1.6571737609694395
0.6311958662438558,0.34306115276228244,1.3688041337561458,1.6569388472377182
0.6305499272167504,0.34331035513940994,1.3694500727832513,1.6566896448605908
0.6298889806787266,0.3435735032003597,1.370111019321275,1.656426496799641
0.6292133846773674,0.34385025033611505,1.3707866153226342,1.6561497496638855
0.6285235011706127,0.3441402470394219,1.3714764988293888,1.6558597529605785
0.6278196952518176,0.34444314163084316,1.372180304748184,1.6555568583691573
0.6271023343987653,0.34475858095953443,1.3728976656012364,1.655241419040466
0.6263717877487868,0.34508621107689624,1.373628212251215,1.6549137889231043
0.6256284254018362,0.34542567788154604,1.3743715745981655,1.6545743221184543
0.6248726177530801,0.3457766277343339,1.3751273822469217,1.6542233722656665
0.6241047348562723,0.3461387080423963,1.3758952651437295,1.6538612919576041
0.623325145818912,0.3465115678115021,1.3766748541810898,1.6534884321884984
0.6225342182299222,0.34689485816618654,1.3774657817700797,1.6531051418338139
0.6217323176203368,0.34728823283740246,1.3782676823796651,1.652711767162598
0.6209198069572558,0.34769134861762774,1.379080193042746,1.6523086513823726
0.620097046171112,0.3481038657835666,1.3799029538288898,1.6518961342164338
0.6192643917160965,0.34852544848676004,1.3807356082839053,1.6514745515132403
0.6184221961634091,0.3489557651125832,1.3815778038365927,1.651044234887417
0.6175708078268417,0.3493944886082508,1.3824291921731602,1.6506055113917495
0.6167105704200541,0.34984129678057885,1.3832894295799478,1.6501587032194214
0.6158418227447792,0.3502958725643613,1.3841581772552227,1.649704127435639
0.6149648984090818,0.35075790426231385,1.3850351015909201,1.6492420957376863
0.614080125574703,0.35122708575761646,1.3859198744252987,1.6487729142423837
0.6131878267324449,0.3517031167001492,1.386812173267557,1.648296883299851
0.6122883185044821,0.3521857026675675,1.3877116814955197,1.6478142973324328
0.6113819114724443,0.35267455530240044,1.3886180885275574,1.6473254446975998
0.6104689100300689,0.3531693924263808,1.3895310899699327,1.6468306075736194
0.609549612259202,0.353669938133232,1.3904503877407997,1.6463300618667682
0.6086243098279088,0.3541759228611424,1.3913756901720928,1.6458240771388577
0.6076932879094505,0.3546870834461534,1.392306712090551,1.6453129165538467
0.6067568251208875,0.35520316315767797,1.393243174879114,1.644796836842322
0.6058151934800778,0.3557239117173483,1.3941848065199238,1.6442760882826517
0.6048686583798627,0.35624908530236665,1.395131341620139,1.6437509146976332
0.6039174785782478,0.356778446534506,1.3960825214217538,1.643221553465494
0.6029619062034239,0.3573117644558732,1.3970380937965778,1.6426882355441268
0.602002186772499,0.35784881449251066,1.3979978132275028,1.6421511855074893
0.6010385592228539,0.3583893784068741,1.398961440777148,1.6416106215931259
0.6000712559550704,0.3589332442401806,1.3999287440449315,1.6410667557598195
0.5991005028864234,0.35948020624557864,1.4008994971135786,1.6405197937544216
0.5981265195139721,0.360030064813048,1.4018734804860298,1.639969935186952
0.5971495189863306,0.36058262638688987,1.4028504810136713,1.6394173736131101
0.5961697081832402,0.36113770337662426,1.4038302918167618,1.6388622966233757
0.5951872878021157,0.36169511406206484,1.4048127121978864,1.6383048859379352
0.5942024524507801,0.36225468249329656,1.405797547549222,1.6377453175067036
0.5932153907456486,0.36281623838623756,1.4067846092543534,1.6371837616137626
0.5922262854146665,0.36337961701442195,1.4077737145853355,1.636620382985578
0.5912353134043505,0.36394465909759904,1.4087646865956513,1.636055340902401
0.5902426459903238,0.3645112106877022,1.4097573540096782,1.6354887893122978
0.5892484488907773,0.36507912305270135,1.4107515511092246,1.6349208769472987
0.5882528823823303,0.3656482525588145,1.4117471176176715,1.6343517474411855
0.5872561014178006,0.3662184605515168,1.4127438985822012,1.6337815394484831
0.5862582557454321,0.3667896132357506,1.4137417442545697,1.6332103867642493
0.5852594900291634,0.3673615815557064,1.4147405099708383,1.6326384184442935
0.5842599439695543,0.36793424107451267,1.4157400560304476,1.6320657589254872
0.5832597524250184,0.368507471854142,1.4167402475749835,1.6314925281458579
0.5822590455330434,0.3690811583358136,1.4177409544669586,1.6309188416641862
0.5812579488311047,0.36965518922114354,1.4187420511688973,1.6303448107788563
0.5802565833770099,0.3702294573542703,1.419743416622992,1.6297705426457294
0.5792550658684347,0.37080385960515944,1.4207449341315672,1.6291961403948403
0.5782535087614347,0.37137829675426737,1.4217464912385673,1.6286217032457324
0.5772520203877417,0.3719526733787259,1.4227479796122604,1.6280473266212738
0.576250705070673,0.37252689774018816,1.4237492949293291,1.6274731022598117
0.5752496632395013,0.3731008816744591,1.4247503367605008,1.6268991183255408
0.574248991542153,0.3736745404830177,1.425751008457849,1.6263254595169823
0.5732487829561174,0.37424779282652154,1.4267512170438847,1.6257522071734785
0.5722491268974668,0.3748205606203719,1.4277508731025352,1.6251794393796282
0.5712501093279018,0.37539276893240214,1.4287498906721001,1.6246072310675979
0.5702518128597477,0.37596434588274297,1.4297481871402542,1.6240356541172571
0.5692543168588431,0.3765352225459044,1.430745683141159,1.6234647774540958
0.5682576975452707,0.37710533285510656,1.4317423024547313,1.6228946671448936
0.5672620280918923,0.3776746135088808,1.4327379719081097,1.6223253864911193
0.5662673787206594,0.37824300387995513,1.4337326212793426,1.621756996120045
0.5652738167966768,0.37881044592642954,1.4347261832033251,1.6211895540735708
0.5642814069200099,0.37937688410524134,1.435718593079992,1.620623115894759
0.5632902110152275,0.37994226528791347,1.4367097889847746,1.620057734712087
0.562300288418682,0.38050653867857326,1.4376997115813201,1.6194934613214274
0.561311695963535,0.38106965573422485,1.438688304036467,1.6189303442657756
0.5603244880625393,0.38163157008725396,1.439675511937463,1.6183684299127465
0.559338716788593,0.38219223747013886,1.4406612832114092,1.6178077625298617
0.5583544319530894,0.38275161564233995,1.4416455680469127,1.6172483843576606
0.5573716811820846,0.3833096643193352,1.4426283188179174,1.6166903356806654
0.5563905099903119,0.38386634510376805,1.44360949000969,1.6161336548962326
0.5554109618530738,0.3844216214186705,1.4445890381469282,1.6155783785813302
0.5544330782760439,0.3849754584427239,1.4455669217239582,1.6150245415572768
0.5534568988630144,0.385527823047517,1.4465431011369876,1.6144721769524837
0.5524824613816265,0.3860786837367598,1.4475175386183756,1.6139213162632409
0.5515098018271214,0.38662801058741203,1.4484901981728808,1.6133719894125886
0.5505389544841529,0.38717577519268176,1.4494610455158494,1.6128242248073188
0.5495699519867016,0.38772195060685183,1.4504300480133008,1.6122780493931488
0.5486028253761318,0.38826651129188894,1.4513971746238705,1.6117334887081116
0.5476376041574357,0.38880943306579197,1.4523623958425667,1.6111905669342086
0.5466743163537039,0.3893506930526342,1.4533256836462984,1.6106493069473664
0.545712988558869,0.3898902696342561,1.4542870114411333,1.6101097303657446
0.5447536459887621,0.3904281424035633,1.4552463540112401,1.6095718575964373
0.5437963125305275,0.3909642921193868,1.4562036874694746,1.6090357078806137
0.5428410107904375,0.39149870066286135,1.4571589892095647,1.6085012993371393
0.5418877621401492,0.39203135099527864,1.458112237859853,1.607968649004722
0.540936586761448,0.3925622271173735,1.4590634132385543,1.6074377728826272
0.5399875036895168,0.3930913140300002,1.4600124963104855,1.6069086859700006
0.5390405308547747,0.3936185976961581,1.4609594691452277,1.6063814023038427
0.5380956851233245,0.39414406500432575,1.4619043148766777,1.6058559349956751
0.5371529823360508,0.39466770373306354,1.4628470176639514,1.6053322962669374
0.5362124373464061,0.39518950251684565,1.463787562653596,1.6048104974831552
0.5352740640569268,0.39570945081308334,1.4647259359430755,1.6042905491869175
0.5343378754545143,0.3962275388703015,1.465662124545488,1.6037724611296993
0.5334038836445213,0.39674375769743225,1.466596116355481,1.6032562423025685
0.5324720998836778,0.3972580990341895,1.4675279001163246,1.6027419009658113
0.5315425346118946,0.3977705553224896,1.4684574653881077,1.6022294446775112
0.5306151974829777,0.3982811196788839,1.4693848025170246,1.6017188803211169
0.5296900973942892,0.3987897858679704,1.4703099026057131,1.6012102141320304
0.5287672425153873,0.39929654827675143,1.4712327574846151,1.6007034517232492
0.5278466403156787,0.39980140188990654,1.4721533596843237,1.6001985981100941
0.5269282975911145,0.4003043422659498,1.473071702408888,1.5996956577340509
0.5260122204899605,0.4008053655142417,1.473987779510042,1.599194634485759
0.5250984145376735,0.4013044682728267,1.474901585462329,1.598695531727174
0.5241868846609105,0.4018016476870686,1.475813115339092,1.5981983523129322
0.5232776352107014,0.4022969013890566,1.4767223647893013,1.5977030986109442
0.522370669984812,0.40279022747775484,1.4776293300151908,1.5972097725222458
0.5214659922493238,0.4032816244998712,1.478534007750679,1.5967183755001295
0.5205636047594576,0.40377109143141926,1.4794363952405452,1.5962289085685815
0.5196635097796659,0.40425862765995,1.4803364902203369,1.5957413723400506
0.518765709103018,0.4047442329674302,1.4812342908969847,1.5952557670325704
0.5178702040699029,0.4052279075137439,1.4821297959300999,1.5947720924862567
0.5169769955860719,0.40570965182079677,1.483023004413931,1.594290348179204
0.5160860841400443,0.40618946675720086,1.4839139158599586,1.5938105332427999
0.515197469819897,0.4066673535235197,1.484802530180106,1.593332646476481
0.5143111523294598,0.4071433136380544,1.4856888476705432,1.5928566863619462
0.5134271310039363,0.40761734892315127,1.4865728689960667,1.5923826510768493
0.51254540482497,0.40808946149201253,1.487454595175033,1.591910538507988
0.511665972435175,0.4085596537359924,1.4883340275648282,1.591440346264008
0.5107888321521494,0.40902792831236107,1.4892111678478537,1.5909720716876394
0.5099139819819904,0.40949428813252026,1.4900860180180127,1.5905057118674801
0.5090414196323257,0.409958736350654,1.4909585803676775,1.5900412636493464
0.508171142524881,0.41042127635279924,1.4918288574751222,1.5895787236472012
0.5073031478075979,0.41088191174632094,1.4926968521924053,1.5891180882536795
0.5064374323663179,0.4113406463497779,1.4935625676336854,1.5886593536502225
0.5055739928360484,0.41179748418316453,1.4944260071639548,1.5882025158168358
0.5047128256118247,0.4122524294585154,1.4952871743881784,1.587747570541485
0.5038539268591817,0.41270548657085976,1.4961460731408214,1.5872945134291407
0.5029972925242499,0.41315666008951296,1.4970027074757533,1.5868433399104875
0.5021429183434876,0.4136059547496933,1.4978570816565155,1.5863940452503071
0.5012907998530636,0.4140533754444518,1.4987092001469395,1.5859466245555487
0.5004409323979012,0.41449892721690446,1.499559067602102,1.585501072783096
0.49959331114039573,0.4149426152527552,1.5004066888596075,1.5850573847472453
0.4987434464299058,0.41538443996452257,1.5012565535700975,1.5846155600354779
0.49789133862002455,0.41582439648415404,1.5021086613799788,1.5841756035158465
0.4970369880956268,0.41626247995370813,1.5029630119043766,1.5837375200462924
0.4961803952736788,0.41669868552612094,1.5038196047263246,1.5833013144738797
0.4953215606040628,0.4171330083659927,1.5046784393959407,1.582866991634008
0.49446048457041664,0.4175654436503953,1.5055395154295867,1.5824345563496054
0.49359716769098877,0.41799598656970055,1.5064028323090146,1.5820040134303002
0.4927316105195088,0.41842463232843075,1.5072683894804946,1.58157536767157
0.49186381364607384,0.41885137614613044,1.5081361863539295,1.5811486238538703
0.49099377769805114,0.4192762132582618,1.5090062223019522,1.580723786741739
0.49012150334099724,0.41969913891712235,1.5098784966590062,1.5803008610828784
0.4892469912795936,0.42012014839278683,1.5107530087204097,1.579879851607214
0.4883702422585994,0.420539236974073,1.511629757741404,1.5794607630259276
0.4874912570638215,0.42095639996953244,1.5125087429361819,1.5790436000304682
0.48661003652310236,0.4213716327084662,1.513389963476901,1.5786283672915344
0.4857265815073253,0.42178493054196703,1.514273418492678,1.5782150694580337
0.4848408929314384,0.4221962888439873,1.515159107068565,1.5778037111560135
0.48395297175549684,0.42260570301243444,1.5160470282445067,1.5773942969875663
0.4830628189857239,0.423013168470294,1.5169371810142795,1.5769868315297066
0.4821704356755912,0.42341868066678073,1.5178295643244122,1.5765813193332199
0.48127582292691845,0.42382223507851874,1.518724177073085,1.5761777649214819
0.48037898189099293,0.42422382721075114,1.5196210181090106,1.5757761727892494
0.47947991376970905,0.42462345259858,1.5205200862302946,1.5753765474014205
0.47857861981672856,0.42502110680823685,1.521421380183275,1.5749788931917637
0.47767510133866126,0.4254167854383852,1.5223248986613422,1.5745832145616152
0.476769359696267,0.4258104841214548,1.5232306403037366,1.5741895158785455
0.47586139630567914,0.42620219852500923,1.5241386036943243,1.5737978014749912
0.4749512126396499,0.4265919243531469,1.5250487873603535,1.5734080756468534
0.4740388102288176,0.42697965734793675,1.5259611897711858,1.5730203426520635
0.47312419066299694,0.42736539329088863,1.5268758093370065,1.5726346067091117
0.47220735559249155,0.42774912800446013,1.5277926444075118,1.5722508719955401
0.4712883067294304,0.42813085735359985,1.528711693270573,1.5718691426464004
0.47036704584912725,0.4285105772473282,1.5296329541508762,1.5714894227526721
0.4694435747914647,0.42888828364035647,1.5305564252085389,1.5711117163596438
0.468517895462302,0.42926397253474513,1.5314821045377016,1.570736027465255
0.467590009834908,0.4296376399816021,1.5324099901650956,1.5703623600183982
0.4666599199514192,0.4300092820828217,1.5333400800485844,1.5699907179171786
0.46572762792432304,0.4303788949928655,1.5342723720756806,1.5696211050071347
0.4647931359379674,0.4307464749205859,1.5352068640620362,1.5692535250794144
0.4638564462500961,0.43111201813109246,1.5361435537499075,1.5688879818689079
0.46291756119341126,0.43147552094766384,1.5370824388065922,1.5685244790523365
0.4619764831771628,0.43183697975370405,1.5380235168228407,1.5681630202462964
0.4610332146887649,0.43219639099474544,1.5389667853112385,1.567803609005255
0.460087758295441,0.432553751180499,1.5399122417045623,1.5674462488195013
0.4591401166458967,0.4329090568869529,1.5408598833541067,1.5670909431130475
0.45819029247202114,0.43326230475852023,1.5418097075279822,1.5667376952414802
0.4572382885906179,0.4336134915102369,1.5427617114093855,1.5663865084897635
0.45628410790516477,0.43396261393001134,1.5437158920948386,1.566037386069989
0.45532775340760423,0.43430966888092587,1.5446722465923992,1.5656903311190744
