vx0,vy0,vx1,vy1
0.34023354203118156,-0.3946741392101117,-0.34023354203118145,0.3946741392101117
0.3157838831793779,-0.39470317786666265,-0.3157838831793778,0.39470317786666265
0.291056447087514,-0.394752112876907,-0.2910564470875139,0.394752112876907
0.2660709918734202,-0.3948213531219674,-0.2660709918734201,0.3948213531219674
0.24084807059109617,-0.3949112564859646,-0.24084807059109606,0.3949112564859646
0.2154089779434925,-0.39502212735243647,-0.2154089779434924,0.39502212735243647
0.18977569214738702,-0.39515421434823483,-0.1897756921473869,0.39515421434823483
0.1639708122511138,-0.39530770835859685,-0.16397081225111368,0.39530770835859685
0.138017491257158,-0.3954827408349544,-0.1380174912571579,0.3954827408349544
0.11193936544990937,-0.3956793824145687,-0.11193936544990926,0.3956793824145687
0.0857604803733356,-0.39589764186828846,-0.08576048037333549,0.39589764186828846
0.0595052139432022,-0.39613746538966843,-0.05950521394320209,0.39613746538966843
0.03319819721300646,-0.39639873623539124,-0.03319819721300635,0.39639873623539124
0.006864233341375495,-0.39668127472346215,-0.006864233341375384,0.39668127472346215
-0.0194717846692326,-0.39698483859204237,0.01947178466923271,0.39698483859204237
-0.04578495687750374,-0.39730912371811333,0.04578495687750385,0.39730912371811333
-0.07205045935891279,-0.39765376519147877,0.0720504593589129,0.39765376519147877
-0.09824362661839461,-0.3980183387359725,0.09824362661839472,0.3980183387359725
-0.12434003287312105,-0.39840236246620814,0.12434003287312116,0.39840236246620814
-0.15031557163241854,-0.3988052989648395,0.15031557163241865,0.3988052989648395
-0.1761465330227839,-0.3992265576621454,0.17614653302278402,0.3992265576621454
-0.2018096783334534,-0.3996654974968684,0.2018096783334535,0.3996654974968684
-0.22728231129153667,-0.40012142983465665,0.22728231129153678,0.40012142983465665
-0.2525423456147258,-0.4005936216182216,0.25254234561472594,0.4005936216182216
-0.27756836843332183,-0.4010812987214646,0.27756836843332194,0.4010812987214646
-0.3023396992210068,-0.4015836494783545,0.3023396992210069,0.4015836494783545
-0.3268364439245996,-0.40209982835627883,0.3268364439245997,0.40209982835627883
-0.35103954403610144,-0.4026289597429382,0.35103954403610155,0.4026289597429382
-0.3510513712396979,-0.4031737563446557,0.351051371239698,0.4031737563446557
-0.32688046853218095,-0.40374127099651125,0.32688046853218106,0.40374127099651125
-0.3024331560450698,-0.4043354137598777,0.30243315604506993,0.4043354137598777
-0.27772876491183357,-0.40495617991328375,0.2777287649118337,0.40495617991328375
-0.2527874105687962,-0.4056034953702525,0.25278741056879633,0.4056034953702525
-0.22762994139885484,-0.40627721524077404,0.22762994139885495,0.40627721524077404
-0.2022778826340071,-0.4069771227464538,0.2022778826340072,0.4069771227464538
-0.17675337580085965,-0.4077029285072316,0.17675337580085976,0.4077029285072316
-0.15107911404297117,-0.4084542702143603,0.15107911404297128,0.4084542702143603
-0.12527827370082298,-0.40923071270083916,0.1252782737008231,0.40923071270083916
-0.09937444257360725,-0.4100317484167655,0.09937444257360736,0.4100317484167655
-0.0733915453261113,-0.41085679831315336,0.0733915453261114,0.41085679831315336
-0.04735376653805838,-0.4117052131337234,0.04735376653805849,0.4117052131337234
-0.021285471921720436,-0.41257627511005995,0.021285471921720547,0.41257627511005995
0.00478887174408156,-0.4134692000514248,-0.004788871744081449,0.4134692000514248
0.03084477739974058,-0.41438313981647135,-0.03084477739974047,0.41438313981647135
0.0568578186376725,-0.4153171851501935,-0.05685781863767239,0.4153171851501935
0.08280371020761854,-0.416270368865723,-0.08280371020761843,0.416270368865723
0.10865838752511951,-0.417241669347126,-0.1086583875251194,0.417241669347126
0.13439808462604097,-0.4182300143461932,-0.13439808462604086,0.4182300143461932
0.15999941002896761,-0.4192342850434205,-0.1599994100289675,0.4192342850434205
0.1854394199926102,-0.42025332034097684,-0.1854394199926101,0.42025332034097684
0.21069568868660943,-0.42128592135349296,-0.21069568868660932,0.42128592135349296
0.2357463748307039,-0.42233085606099247,-0.2357463748307038,0.42233085606099247
0.26057028439849644,-0.42338686408725484,-0.26057028439849633,0.42338686408725484
0.2851469290272678,-0.42445266156634226,-0.2851469290272677,0.42445266156634226
0.30945657982367003,-0.42552694605994323,-0.3094565798236699,0.42552694605994323
0.3334803163058566,-0.42660840148857115,-0.3334803163058565,0.42660840148857115
0.3572000702748463,-0.4276957030404852,-0.3572000702748462,0.4276957030404852
0.35709852110624585,-0.42880076204640427,-0.35709852110624574,0.42880076204640427
0.3331929122560593,-0.4299382757790009,-0.3331929122560592,0.4299382757790009
0.3090183325683051,-0.4311101721216145,-0.30901833256830497,0.4311101721216145
0.28459385398069986,-0.43231601783877943,-0.28459385398069975,0.43231601783877943
0.2599393056529785,-0.43355528924975967,-0.2599393056529784,0.43355528924975967
0.23507522337331824,-0.4348273718670329,-0.23507522337331813,0.4348273718670329
0.21002279442264388,-0.4361315605088965,-0.21002279442264377,0.4361315605088965
0.18480379817730036,-0.4374670598983539,-0.18480379817730025,0.4374670598983539
0.15944054277779135,-0.4388329857560247,-0.15944054277779124,0.4388329857560247
0.13395579823577708,-0.4402283663901744,-0.13395579823577697,0.4402283663901744
0.10837272639254161,-0.44165214478214887,-0.1083727263925415,0.44165214478214887
0.08271480817896168,-0.4431031811605948,-0.08271480817896157,0.4431031811605948
0.057005768658983186,-0.4445802560529239,-0.057005768658983075,0.4445802560529239
0.031269500365159984,-0.44608207379761694,-0.03126950036515987,0.44608207379761694
0.005529985455443663,-0.44760726649623367,-0.005529985455443552,0.44760726649623367
-0.020188782765245727,-0.44915439837948173,0.020188782765245838,0.44915439837948173
-0.04586287840736029,-0.4507219705574675,0.0458628784073604,0.4507219705574675
-0.07146852109059783,-0.4523084261203757,0.07146852109059794,0.4523084261203757
-0.09698215302258822,-0.4539121555523648,0.09698215302258834,0.4539121555523648
-0.1223805145279549,-0.45553150241847445,0.12238051452795501,0.45553150241847445
-0.14764071751199037,-0.45716476928186434,0.14764071751199048,0.45716476928186434
-0.1727403163679116,-0.458810223806777,0.1727403163679117,0.458810223806777
-0.19765737586698426,-0.4604661050012627,0.19765737586698437,0.4604661050012627
-0.22237053560617395,-0.4621306295529368,0.22237053560617406,0.4621306295529368
-0.24685907062776724,-0.4638019982108592,0.24685907062776735,0.4638019982108592
-0.27110294786890604,-0.4654784021670248,0.27110294786890615,0.4654784021670248
-0.2950828781454496,-0.4671580293919096,0.2950828781454497,0.4671580293919096
-0.3187803634232396,-0.46883907088000326,0.31878036342323973,0.46883907088000326
-0.3421777391799073,-0.4705197267632348,0.3421777391799074,0.4705197267632348
-0.3652582117110363,-0.4721982122526184,0.3652582117110364,0.4721982122526184
-0.36522793486170463,-0.4738884436266945,0.36522793486170474,0.4738884436266945
-0.3421174813662927,-0.4756133908752051,0.34211748136629283,0.4756133908752051
-0.3187519575941782,-0.4773808259411928,0.3187519575941783,0.4773808259411928
-0.29514944916446556,-0.47918990593952965,0.29514944916446567,0.47918990593952965
-0.2713287414127667,-0.4810396778773617,0.2713287414127668,0.4810396778773617
-0.2473092725194464,-0.4829290792694855,0.2473092725194465,0.4829290792694855
-0.2231110825490513,-0.4848569393264312,0.2231110825490514,0.4848569393264312
-0.19875475865477793,-0.48682198072215666,0.19875475865477804,0.48682198072215666
-0.1742613767432214,-0.4888228219429751,0.1742613767432215,0.4888228219429751
-0.14965243993362465,-0.4908579802138856,0.14965243993362476,0.4908579802138856
-0.12494981418178083,-0.4929258749929207,0.12494981418178094,0.4929258749929207
-0.100175661471012,-0.4950248320185564,0.10017566147101212,0.4950248320185564
-0.07535237100069987,-0.4971530878897295,0.07535237100069998,0.4971530878897295
-0.05050248882618612,-0.49930879515265864,0.05050248882618623,0.49930879515265864
-0.02564864642207308,-0.5014900278635556,0.02564864642207319,0.5014900278635556
-0.0008134886537146703,-0.5036947875915212,0.0008134886537147813,0.5036947875915212
0.02398039835124219,-0.5059210098215228,-0.02398039835124208,0.5059210098215228
0.0487105589381505,-0.5081665707134135,-0.04871055893815039,0.5081665707134135
0.07335473877896001,-0.5104292941695487,-0.0733547387789599,0.5104292941695487
0.0978909543659312,-0.5127069591607148,-0.0978909543659311,0.5127069591607148
0.12229756068319442,-0.514997307257877,-0.1222975606831943,0.514997307257877
0.14655331661508086,-0.5172980503156756,-0.14655331661508075,0.5172980503156756
0.170637447676258,-0.519606878252699,-0.17063744767625788,0.519606878252699
0.1945297056792566,-0.5219214668733203,-0.19452970567925648,0.5219214668733203
0.21821042498944287,-0.5242394856763067,-0.21821042498944276,0.5242394856763067
0.24166057505528343,-0.5265586055964764,-0.24166057505528332,0.5265586055964764
0.26486180894223676,-0.5288765066273492,-0.26486180894223665,0.5288765066273492
0.2877965076411211,-0.5311908852749856,-0.28779650764112097,0.5311908852749856
0.31044781996567766,-0.5334994617959699,-0.31044781996567755,0.5334994617959699
0.33279969789859964,-0.5357999871757266,-0.33279969789859953,0.5357999871757266
0.35483692728986266,-0.538090249806988,-0.35483692728986255,0.538090249806988
0.3549628927701479,-0.5403727555400992,-0.3549628927701478,0.5403727555400992
0.3332265553856757,-0.5426776353249881,-0.3332265553856756,0.5426776353249881
0.3112742756377765,-0.5450308133865767,-0.3112742756377764,0.5450308133865767
0.2891227032273783,-0.5474310184713874,-0.2891227032273782,0.5474310184713874
0.26678905022621346,-0.5498768585391773,-0.26678905022621335,0.5498768585391773
0.2442910485961905,-0.5523668226049875,-0.24429104859619039,0.5523668226049875
0.22164690458738456,-0.554899283188572,-0.22164690458738445,0.554899283188572
0.1988752502449409,-0.5574724993693786,-0.1988752502449408,0.5574724993693786
0.17599509228515042,-0.5600846204398393,-0.1759950922851503,0.5600846204398393
0.1530257586287052,-0.5627336901442598,-0.1530257586287051,0.5627336901442598
0.12998684290423423,-0.5654176514851446,-0.12998684290423412,0.5654176514851446
0.10689814725724744,-0.5681343520734394,-0.10689814725724733,0.5681343520734394
0.08377962381821547,-0.570881549993993,-0.08377962381821535,0.570881549993993
0.060651315198370165,-0.5736569201526118,-0.060651315198370054,0.5736569201526118
0.037533294392677004,-0.5764580610664827,-0.03753329439267689,0.5764580610664827
0.01444560447611708,-0.5792825020555297,-0.01444560447611697,0.5792825020555297
-0.0085918015181893,-0.5821277107885257,0.008591801518189411,0.5821277107885257
-0.03155912015242851,-0.584991101134545,0.03155912015242862,0.584991101134545
-0.054436756188765756,-0.5878700412676688,0.05443675618876587,0.5878700412676688
-0.07720537987534397,-0.5907618619707793,0.07720537987534408,0.5907618619707793
-0.0998459825581749,-0.5936638650828244,0.099845982558175,0.5936638650828244
-0.12233993028172996,-0.5965733320331216,0.12233993028173007,0.5965733320331216
-0.1446690150627536,-0.5994875324060943,0.1446690150627537,0.5994875324060943
-0.16681550354665164,-0.6024037324803033,0.16681550354665176,0.6024037324803033
-0.1887621827833489,-0.605319203686714,0.188762182783349,0.605319203686714
-0.21049240288932117,-0.6082312309328162,0.21049240288932128,0.6082312309328162
-0.23199011639412653,-0.6111371207414397,0.23199011639412664,0.6111371207414397
-0.2532399141027008,-0.614034209155844,0.2532399141027009,0.614034209155844
-0.2742270573384593,-0.6169198693658509,0.2742270573384594,0.6169198693658509
-0.29493750646637423,-0.6197915190133797,0.29493750646637434,0.6197915190133797
-0.3153579456292068,-0.6226466271396641,0.31535794562920694,0.6226466271396641
-0.3354758036635127,-0.6254827207406257,0.3354758036635128,0.6254827207406257
-0.3355417122899386,-0.6283115600110181,0.33554171228993873,0.6283115600110181
-0.3156257371780993,-0.6311688328851566,0.3156257371780994,0.6311688328851566
-0.2955485454236931,-0.63407642479195,0.2955485454236932,0.63407642479195
-0.27532500047255526,-0.6370326332396444,0.27532500047255537,0.6370326332396444
-0.2549703538911639,-0.6400356365741735,0.254970353891164,0.6400356365741735
-0.23450020821979883,-0.6430834971761736,0.23450020821979894,0.6430834971761736
-0.21393047783500574,-0.646174165222136,0.21393047783500585,0.646174165222136
-0.1932773480217762,-0.6493054829975361,0.19327734802177632,0.6493054829975361
-0.17255723247342508,-0.6524751897450547,0.1725572324734252,0.6524751897450547
-0.15178672945278796,-0.6556809270263589,0.15178672945278807,0.6556809270263589
-0.1309825768618357,-0.6589202445714087,0.13098257686183581,0.6589202445714087
-0.11016160647790596,-0.6621906065849591,0.11016160647790607,0.6621906065849591
-0.08934069762330654,-0.6654893984758932,0.08934069762330665,0.6654893984758932
-0.06853673054092388,-0.668813933971311,0.06853673054092399,0.668813933971311
-0.0477665397515728,-0.6721614625739545,0.04776653975157291,0.6721614625739545
-0.027046867669104982,-0.6755291773186282,0.027046867669105093,0.6755291773186282
-0.006394318746747462,-0.6789142227808039,0.006394318746747573,0.6789142227808039
0.014174685577194288,-0.6823137032886227,-0.014174685577194177,0.6823137032886227
0.03464395087417639,-0.6857246912880365,-0.03464395087417628,0.6857246912880365
0.05499755241133129,-0.6891442358098995,-0.054997552411331176,0.6891442358098995
0.0752198762920322,-0.692569370987416,-0.07521987629203208,0.692569370987416
0.09529565882994365,-0.6959971245724866,-0.09529565882994354,0.6959971245724866
0.11521002395264555,-0.6994245264001568,-0.11521002395264544,0.6994245264001568
0.13494851844990158,-0.7028486167515414,-0.13494851844990147,0.7028486167515414
0.15449714490208016,-0.7062664545672511,-0.15449714490208005,0.7062664545672511
0.1738423921458373,-0.7096751254654541,-0.1738423921458372,0.7096751254654541
0.1929712631566298,-0.7130717495212215,-0.19297126315662969,0.7130717495212215
0.2118713002506419,-0.7164534887666977,-0.2118713002506418,0.7164534887666977
0.2305306075319753,-0.7198175543748435,-0.23053060753197518,0.7198175543748435
0.24893787053417143,-0.7231612134929889,-0.24893787053417132,0.7231612134929889
0.2670823730280294,-0.7264817956961271,-0.2670823730280293,0.7264817956961271
0.2849540109899807,-0.7297766990337546,-0.2849540109899806,0.7297766990337546
0.30254330374674365,-0.7330433956480344,-0.30254330374674354,0.7330433956480344
0.3198414023323809,-0.7362794369450959,-0.3198414023323808,0.7362794369450959
0.31986829150211427,-0.7395073220484595,-0.31986829150211415,0.7395073220484595
0.30271931335345464,-0.7427666711700974,-0.30271931335345453,0.7427666711700974
0.28547151935444615,-0.7460724391231282,-0.28547151935444603,0.7460724391231282
0.2681369392357382,-0.7494226503785371,-0.2681369392357381,0.7494226503785371
0.2507278092418284,-0.7528152298789623,-0.2507278092418283,0.7528152298789623
0.23325654422448128,-0.7562480070118438,-0.23325654422448117,0.7562480070118438
0.21573570882033946,-0.7597187199999191,-0.21573570882033935,0.7597187199999191
0.19817798785290566,-0.7632250206912488,-0.19817798785290555,0.7632250206912488
0.1805961561059592,-0.7667644797278723,-0.18059615610595908,0.7667644797278723
0.1630030476211084,-0.7703345920692736,-0.1630030476211083,0.7703345920692736
0.14541152467649499,-0.7739327828440846,-0.14541152467649487,0.7739327828440846
0.1278344466065965,-0.7775564135009385,-0.1278344466065964,0.7775564135009385
0.11028463862457874,-0.7812027882271048,-0.11028463862457863,0.7812027882271048
0.0927748608087092,-0.7848691606015419,-0.09277486080870909,0.7848691606015419
0.07531777741295465,-0.7885527404473051,-0.07531777741295453,0.7885527404473051
0.05792592665906778,-0.7922507008468681,-0.05792592665906767,0.7922507008468681
0.04061169116325852,-0.7959601852828742,-0.04061169116325841,0.7959601852828742
0.023387269145000795,-0.7996783148661302,-0.023387269145000684,0.7996783148661302
0.0062646465587211965,-0.803402195612312,-0.0062646465587210855,0.803402195612312
-0.01074442971885867,-0.8071289257288462,0.010744429718858781,0.8071289257288462
-0.027628477521992646,-0.8108556028737852,0.027628477521992757,0.8108556028737852
-0.04437630373604384,-0.8145793313491724,0.044376303736043954,0.8145793313491724
-0.06097702724153432,-0.8182972291924077,0.060977027241534434,0.8182972291924077
-0.0774201003706446,-0.8220064351304343,0.07742010037064471,0.8220064351304343
-0.09369532879671794,-0.825704115363169,0.09369532879671805,0.825704115363169
-0.10979288978973636,-0.8293874701444583,0.10979288978973648,0.8293874701444583
-0.12570334878339437,-0.8330537401309323,0.12570334878339448,0.8330537401309323
-0.14141767421215581,-0.8367002124714266,0.14141767421215592,0.8367002124714266
-0.15692725058939888,-0.8403242266121091,0.156927250589399,0.8403242266121091
-0.17222388981029835,-0.8439231797950522,0.17222388981029846,0.8439231797950522
-0.1872998406753358,-0.847494532230703,0.18729984067533592,0.847494532230703
-0.20214779664214877,-0.8510358119274943,0.20214779664214888,0.8510358119274943
-0.21676090182472244,-0.8545446191646537,0.21676090182472255,0.8545446191646537
-0.23113275526959728,-0.8580186305971108,0.2311327552695974,0.8580186305971108
-0.24525741354872843,-0.861455602984207,0.24525741354872854,0.861455602984207
-0.25912939171782184,-0.8648533765366763,0.25912939171782196,0.8648533765366763
-0.2727436626973293,-0.8682098778790485,0.2727436626973294,0.8682098778790485
-0.28609565514076934,-0.8715231226272085,0.28609565514076946,0.8715231226272085
-0.29918124986162514,-0.8747912175833092,0.29918124986162525,0.8747912175833092
-0.2991935088559114,-0.8780451337468912,0.2991935088559115,0.8780451337468912
-0.28625169804928335,-0.8813240385380723,0.28625169804928347,0.8813240385380723
-0.27328404490476016,-0.8846342585995861,0.27328404490476027,0.8846342585995861
-0.2602985118338204,-0.8879738726971523,0.2602985118338205,0.8879738726971523
-0.247303095920218,-0.8913409038062441,0.24730309592021812,0.8913409038062441
-0.23430581352704,-0.8947333227535227,0.2343058135270401,0.8947333227535227
-0.2213146848154611,-0.8981490520371814,0.2213146848154612,0.8981490520371814
-0.20833771823872918,-0.9015859698109348,0.2083377182387293,0.9015859698109348
-0.1953828950751397,-0.9050419140154068,0.1953828950751398,0.9050419140154068
-0.18245815406352814,-0.9085146866398114,0.18245815406352825,0.9085146866398114
-0.16957137620412854,-0.9120020580960699,0.16957137620412865,0.9120020580960699
-0.15673036978652274,-0.9155017716869012,0.15673036978652286,0.9155017716869012
-0.14394285570484813,-0.919011548148937,0.14394285570484824,0.919011548148937
-0.13121645311846047,-0.9225290902515783,0.13121645311846059,0.9225290902515783
-0.11855866551388129,-0.9260520874321013,0.1185586655138814,0.9260520874321013
-0.10597686722112357,-0.929578220447469,0.10597686722112368,0.929578220447469
-0.09347829043441162,-0.9331051660233772,0.09347829043441173,0.9331051660233772
-0.08107001278392484,-0.9366306014812871,0.08107001278392495,0.9366306014812871
-0.06875894550153325,-0.9401522093245442,0.06875894550153336,0.9401522093245442
-0.05655182221959459,-0.9436676817651665,0.0565518222195947,0.9436676817651665
-0.044455188437784385,-0.9471747251734821,0.044455188437784496,0.9471747251734821
-0.032475391688674464,-0.9506710644335193,0.032475391688674575,0.9506710644335193
-0.020618572428400598,-0.9541544471878666,0.02061857242840071,0.9541544471878666
-0.008890655674308133,-0.9576226479566424,0.008890655674308244,0.9576226479566424
0.0027026565930242264,-0.9610734721162162,-0.0027026565930241154,0.9610734721162162
0.014155892250468299,-0.9645047597243963,-0.014155892250468188,0.9645047597243963
0.02546381506726858,-0.9679143891799467,-0.02546381506726847,0.9679143891799467
0.03662142995010073,-0.9713002807054775,-0.03662142995010062,0.9713002807054775
0.047623987398419936,-0.9746603996439929,-0.047623987398419824,0.9746603996439929
0.05846698717436445,-0.9779927595606306,-0.05846698717436434,0.9779927595606306
0.06914618119541875,-0.9812954251424065,-0.06914618119541864,0.9812954251424065
0.0796575756617808,-0.9845665148900524,-0.0796575756617807,0.9845665148900524
0.08999743243389687,-0.9878042035973074,-0.08999743243389675,0.9878042035973074
0.10016226967890403,-0.9910067246142793,-0.10016226967890392,0.9910067246142793
0.11014886180774115,-0.9941723718927199,-0.11014886180774104,0.9941723718927199
0.11995423872743825,-0.9972995018122505,-0.11995423872743814,0.9972995018122505
0.1295756844355646,-1.0003865347877237,-0.1295756844355645,1.0003865347877237
0.1390107349859999,-1.0034319566590064,-0.13901073498599978,1.0034319566590064
0.1482571758570886,-1.0064343198655097,-0.1482571758570885,1.0064343198655097
0.1573130387548441,-1.0093922444087688,-0.15731303875484398,1.0093922444087688
0.1661765978851895,-1.0123044186072885,-0.16617659788518938,1.0123044186072885
0.1748463657302631,-1.0151695996487091,-0.174846365730263,1.0151695996487091
0.1833210883645823,-1.0179866139451146,-0.1833210883645822,1.0179866139451146
0.19159974034736504,-1.0207543572979934,-0.19159974034736493,1.0207543572979934
0.19968151922756056,-1.0234717948799805,-0.19968151922756044,1.0234717948799805
0.207565839698156,-1.0261379610410437,-0.2075658396981559,1.0261379610410437
0.21525232743611816,-1.028751958947237,-0.21525232743611805,1.028751958947237
0.22274081266391274,-1.0313129600605364,-0.22274081266391263,1.0313129600605364
0.230031323467938,-1.0338202034685777,-0.2300313234679379,1.0338202034685777
0.2371240789084284,-1.036272995073364,-0.2371240789084283,1.036272995073364
0.24401948195444673,-1.0386707066481817,-0.24401948195444662,1.0386707066481817
0.2507181122765077,-1.041012774772073,-0.2507181122765076,1.041012774772073
0.25074038465888315,-1.0433264633863029,-0.25074038465888304,1.0433264633863029
0.24420577856604764,-1.045639604585387,-0.24420577856604753,1.045639604585387
0.2377150882936986,-1.0479519126054848,-0.2377150882936985,1.0479519126054848
0.23127107955330156,-1.0502622109041393,-0.23127107955330145,1.0502622109041393
0.22487646199404723,-1.0525693236776534,-0.22487646199404712,1.0525693236776534
0.21853388641057805,-1.0548720773611404,-0.21853388641057794,1.0548720773611404
0.21224594209044867,-1.0571693021121147,-0.21224594209044856,1.0571693021121147
0.20601515430620446,-1.0594598332739156,-0.20601515430620435,1.0594598332739156
0.19984398195638972,-1.061742512815379,-0.1998439819563896,1.061742512815379
0.1937348153592158,-1.0640161907433088,-0.1937348153592157,1.0640161907433088
0.1876899742020341,-1.066279726484446,-0.18768997420203398,1.066279726484446
0.1817117056491711,-1.0685319902337966,-0.181711705649171,1.0685319902337966
0.17580218261009686,-1.0707718642663466,-0.17580218261009675,1.0707718642663466
0.1699635021693173,-1.0729982442093762,-0.1699635021693172,1.0729982442093762
0.16419768417880715,-1.075210040272772,-0.16419768417880704,1.075210040272772
0.15850667001323804,-1.0774061784349334,-0.15850667001323793,1.0774061784349334
0.15289232148770668,-1.079585601582068,-0.15289232148770657,1.079585601582068
0.14735641993713483,-1.081747270598882,-0.14735641993713472,1.081747270598882
0.1419006654559981,-1.0838901654088735,-0.141900665455998,1.0838901654088735
0.1365266762965457,-1.0860132859626566,-0.13652667629654558,1.0860132859626566
0.13123598842320164,-1.08811565317295,-0.13123598842320153,1.08811565317295
0.12603005522039018,-1.0901963097950782,-0.12603005522039007,1.0901963097950782
0.12091024735060578,-1.092254321252045,-0.12091024735060567,1.092254321252045
0.1158778527591534,-1.094288776403445,-0.11587785275915329,1.094288776403445
0.1109340768216179,-1.0962987882576858,-0.1109340768216178,1.0962987882576858
0.10608004262978317,-1.0982834946271909,-0.10608004262978306,1.0982834946271909
0.10131679141141355,-1.1002420587264528,-0.10131679141141343,1.1002420587264528
0.0966452830790319,-1.1021736697129878,-0.0966452830790318,1.1021736697129878
0.09206639690258024,-1.104077543171434,-0.09206639690258013,1.104077543171434
0.08758093230063128,-1.1059529215412007,-0.08758093230063117,1.1059529215412007
0.08318960974463153,-1.1077990744882495,-0.08318960974463142,1.1077990744882495
0.07889307177049827,-1.1096152992217423,-0.07889307177049816,1.1096152992217423
0.07469188409176415,-1.1114009207564388,-0.07469188409176404,1.1114009207564388
0.07058653680836263,-1.1131552921218693,-0.07058653680836252,1.1131552921218693
0.06657744570507496,-1.114877794519434,-0.06657744570507484,1.114877794519434
0.06266495363361345,-1.1165678374287011,-0.06266495363361334,1.1165678374287011
0.05884933197229565,-1.118224858664288,-0.05884933197229554,1.118224858664288
0.05513078215726851,-1.119848324384802,-0.055130782157268396,1.119848324384802
0.051509437279269224,-1.121437729055418,-0.05150943727926911,1.121437729055418
0.047985363739959305,-1.1229925953657365,-0.047985363739959194,1.1229925953657365
0.0445585629619387,-1.1245124741046453,-0.04455856296193859,1.1245124741046453
0.041228973146636566,-1.125996943993963,-0.041228973146636455,1.125996943993963
0.03799647107438259,-1.1274456114826916,-0.037996471074382476,1.1274456114826916
0.03486087394108663,-1.1288581105037498,-0.03486087394108652,1.1288581105037498
0.03182194122609309,-1.1302341021950861,-0.03182194122609298,1.1302341021950861
0.028879376585928377,-1.131573274587098,-0.028879376585928266,1.131573274587098
0.0260328297688241,-1.132875342258295,-0.026032829768823987,1.132875342258295
0.023281898545072836,-1.1341400459611493,-0.023281898545072725,1.1341400459611493
0.02062613064845735,-1.1353671522200846,-0.02062613064845724,1.1353671522200846
0.018065025724185186,-1.1365564529035332,-0.018065025724185075,1.1365564529035332
0.015598037278958709,-1.1377077647719898,-0.015598037278958598,1.1377077647719898
0.013224574629013563,-1.1388209290039584,-0.013224574629013452,1.1388209290039584
0.010944004842165542,-1.1398958107016746,-0.010944004842165431,1.1398958107016746
0.008755654670115616,-1.1409322983784393,-0.008755654670115505,1.1409322983784393
0.006658812467474193,-1.1419303034293773,-0.006658812467474082,1.1419303034293773
0.004652730094178036,-1.1428897595873828,-0.004652730094177925,1.1428897595873828
0.002736624798184868,-1.1438106223659745,-0.002736624798184757,1.1438106223659745
0.000909681075541364,-1.1446928684907336,-0.000909681075541253,1.1446928684907336
-0.0008289474948711606,-1.145536495320944,0.0008289474948712716,1.145536495320944
-0.0024801364444034055,-1.1463415202630032,0.0024801364444035166,1.1463415202630032
-0.004044788637804774,-1.1471079801771147,0.004044788637804885,1.1471079801771147
-0.005523832528579651,-1.1478359307787123,0.005523832528579762,1.1478359307787123
-0.006918220448429362,-1.148525446036009,0.006918220448429473,1.148525446036009
-0.008228926932487668,-1.1491766175650038,0.008228926932487779,1.1491766175650038
-0.009456947081874934,-1.1497895540232121,0.009456947081875045,1.1497895540232121
-0.010603294964919427,-1.1503643805033297,0.010603294964919538,1.1503643805033297
-0.011669002058223854,-1.150901237927971,0.011669002058223965,1.150901237927971
-0.01265511572859148,-1.1514002824465672,0.012655115728591591,1.1514002824465672
-0.013562697756669101,-1.1518616848354384,0.013562697756669212,1.1518616848354384
-0.014392822903014118,-1.1522856299020001,0.014392822903014229,1.1522856299020001
-0.015146577517150015,-1.152672315893999,0.015146577517150126,1.152672315893999
-0.01582505819003857,-1.153021953914613,0.015825058190038682,1.153021953914613
-0.016429370450268557,-1.15333476734419,0.01642937045026867,1.15333476734419
-0.01696062750413915,-1.1536109912693493,0.01696062750413926,1.1536109912693493
-0.01741994901970183,-1.1538508719200993,0.017419949019701942,1.1538508719200993
-0.017808459954717446,-1.154054666115585,0.017808459954717557,1.154054666115585
-0.018127289428384527,-1.1542226407190135,0.018127289428384638,1.1542226407190135
-0.01837756963660167,-1.154355072102261,0.01837756963660178,1.154355072102261
-0.018560434810440056,-1.1544522456206117,0.018560434810440167,1.1544522456206117
-0.01867702021742189,-1.1545144550980302,0.018677020217422,1.1545144550980302
-0.018728461205126785,-1.154542002323326,0.018728461205126896,1.154542002323326
-0.018715892286580608,-1.1545351965575201,0.01871589228658072,1.1545351965575201
-0.01864044626681953,-1.1544943540526837,0.01864044626681964,1.1544943540526837
-0.018503253409966232,-1.1544197975824777,0.018503253409966343,1.1544197975824777
-0.01830544064610501,-1.1543118559845833,0.01830544064610512,1.1543118559845833
-0.018048130817197416,-1.1541708637151775,0.018048130817197527,1.1541708637151775
-0.0177324419612403,-1.153997160415571,0.017732441961240412,1.153997160415571
-0.017359486633833025,-1.1537910904910955,0.017359486633833136,1.1537910904910955
-0.01693037126629029,-1.1535530027022955,0.016930371266290403,1.1535530027022955
-0.01644619555941096,-1.1532832497684495,0.01644619555941107,1.1532832497684495
-0.015908051911991346,-1.1529821879834208,0.015908051911991457,1.1529821879834208
-0.015317024883153629,-1.1526501768438089,0.01531702488315374,1.1526501768438089
-0.014674190687545581,-1.1522875786893538,0.014674190687545692,1.1522875786893538
-0.013980616722457139,-1.1518947583555188,0.01398061672245725,1.1518947583555188
-0.013237361125891663,-1.151472082838159,0.013237361125891774,1.151472082838159
-0.012445472364625232,-1.1510199209701653,0.012445472364625343,1.1510199209701653
-0.011605988851285469,-1.1505386431099527,0.01160598885128558,1.1505386431099527
-0.010719938589482303,-1.1500286208416506,0.010719938589482414,1.1500286208416506
-0.009788338846026283,-1.1494902266868348,0.009788338846026394,1.1494902266868348
-0.008812195849275442,-1.1489238338276277,0.008812195849275553,1.1489238338276277
-0.0077925045126593095,-1.1483298158409865,0.007792504512659421,1.1483298158409865
-0.006730248182437876,-1.1477085464439805,0.006730248182437987,1.1477085464439805
-0.005626398408764366,-1.1470603992498576,0.005626398408764477,1.1470603992498576
-0.0044819147391332095,-1.146385747534686,0.0044819147391333206,1.146385747534686
-0.003297744533308505,-1.1456849640143527,0.003297744533308616,1.1456849640143527
-0.0020748227988433253,-1.1449584206316938,0.0020748227988434363,1.1449584206316938
-0.0008140720463164885,-1.144206488353525,0.0008140720463165995,1.144206488353525
0.00048359783656946333,-1.1434295369773395,-0.0004835978365693523,1.1434295369773395
0.0018172896928673264,-1.142627934947433,-0.0018172896928672154,1.142627934947433
0.0031861191870609065,-1.1418020491802177,-0.0031861191870607955,1.1418020491802177
0.004589214879337551,-1.1409522448984784,-0.00458921487933744,1.1409522448984784
0.006025718284237952,-1.1400788854743307,-0.006025718284237841,1.1400788854743307
0.007494783914443432,-1.139182332280634,-0.007494783914443321,1.139182332280634
0.00899557931044036,-1.1382629445506152,-0.008995579310440248,1.1382629445506152
0.010527285056780552,-1.137321079245458,-0.01052728505678044,1.137321079245458
0.012089094785635569,-1.1363570909296166,-0.012089094785635458,1.1363570909296166
0.013680215168321753,-1.135371331653609,-0.013680215168321642,1.135371331653609
0.015299865895451787,-1.1343641508440523,-0.015299865895451676,1.1343641508440523
0.016947279646347492,-1.1333358952007009,-0.01694727964634738,1.1333358952007009
0.018621702048327637,-1.1322869086002527,-0.018621702048327526,1.1322869086002527
0.02032239162646368,-1.1312175320066917,-0.02032239162646357,1.1312175320066917
0.022048619744375716,-1.1301281033879378,-0.022048619744375605,1.1301281033879378
0.023799670536620486,-1.1290189576385776,-0.023799670536620375,1.1290189576385776
0.025574840833203116,-1.1278904265084566,-0.025574840833203005,1.1278904265084566
0.02737344007672434,-1.1267428385369116,-0.02737344007672423,1.1267428385369116
0.029194790232655452,-1.1255765189924332,-0.02919479023265534,1.1255765189924332
0.031038225693213926,-1.1243917898175466,-0.031038225693213815,1.1243917898175466
0.03290309317529385,-1.1231889695787067,-0.03290309317529374,1.1231889695787067
0.03478875161288682,-1.1219683734210066,-0.034788751612886706,1.1219683734210066
0.03669457204441079,-1.1207303130275035,-0.03669457204441068,1.1207303130275035
0.0386199374953469,-1.1194750965829707,-0.03861993749534679,1.1194750965829707
0.04056424285656683,-1.1182030287418903,-0.04056424285656672,1.1182030287418903
0.04252689475871663,-1.1169144106005018,-0.042526894758716516,1.1169144106005018
0.044507311443006514,-1.1156095396727332,-0.0445073114430064,1.1156095396727332
0.04650492262874028,-1.1142887098698406,-0.04650492262874017,1.1142887098698406
0.04851916937790244,-1.1129522114835877,-0.04851916937790233,1.1129522114835877
0.05054950395710634,-1.111600331172805,-0.05054950395710623,1.111600331172805
0.05259538969719183,-1.1102333519531704,-0.05259538969719172,1.1102333519531704
0.05465630085074707,-1.1088515531900554,-0.05465630085074696,1.1088515531900554
0.05673172244781535,-1.1074552105942919,-0.05673172244781524,1.1074552105942919
0.058821150150034814,-1.106044596220715,-0.0588211501500347,1.106044596220715
0.060924090103445835,-1.1046199784693413,-0.060924090103445724,1.1046199784693413
0.06304005879018904,-1.103181622089049,-0.06304005879018892,1.103181622089049
0.06516858287930462,-1.1017297881836299,-0.0651685828793045,1.1017297881836299
0.0673091990768325,-1.1002647342200884,-0.06730919907683239,1.1002647342200884
0.06946145397540171,-1.0987867140390637,-0.0694614539754016,1.0987867140390637
0.07162490390348679,-1.0972959778672604,-0.07162490390348668,1.0972959778672604
0.07379911477449894,-1.095792772331774,-0.07379911477449883,1.095792772331774
0.07598366193586964,-1.0942773404762016,-0.07598366193586953,1.0942773404762016
0.07817813001827538,-1.0927499217784349,-0.07817813001827527,1.0927499217784349
0.08038211278514266,-1.091210752170032,-0.08038211278514255,1.091210752170032
0.0825952129825644,-1.0896600640570737,-0.0825952129825643,1.0896600640570737
0.08481704218974984,-1.0880980863424081,-0.08481704218974973,1.0880980863424081
0.08704722067012285,-1.086525044449197,-0.08704722067012274,1.086525044449197
0.08928537722317545,-1.0849411603456751,-0.08928537722317534,1.0849411603456751
0.09153114903717612,-1.0833466525710413,-0.091531149037176,1.0833466525710413
0.09378418154282589,-1.0817417362624018,-0.09378418154282578,1.0817417362624018
0.09604412826794818,-1.0801266231826885,-0.09604412826794807,1.0801266231826885
0.0983106506932922,-1.0785015217494818,-0.09831065069329209,1.0785015217494818
0.10058341810952366,-1.0768666370646656,-0.10058341810952355,1.0768666370646656
0.10286210747547089,-1.0752221709448495,-0.10286210747547078,1.0752221709448495
0.10514640327768876,-1.0735683219524932,-0.10514640327768865,1.0735683219524932
0.10743599739139777,-1.0719052854276725,-0.10743599739139766,1.0719052854276725
0.1097305889428507,-1.070233253520429,-0.1097305889428506,1.070233253520429
0.11202988417317442,-1.0685524152236467,-0.1120298841731743,1.0685524152236467
0.11433359630372994,-1.0668629564064025,-0.11433359630372983,1.0668629564064025
0.1166414454030298,-1.0651650598477413,-0.11664144540302969,1.0651650598477413
0.11895315825524745,-1.063458905270825,-0.11895315825524734,1.063458905270825
0.12126846823034985,-1.0617446693774117,-0.12126846823034974,1.0617446693774117
0.12358711515588063,-1.06002252588262,-0.12358711515588051,1.06002252588262
0.1259088451904178,-1.0582926455499353,-0.1259088451904177,1.0582926455499353
0.1282334106987271,-1.056555196226423,-0.12823341069872699,1.056555196226423
0.13056057012862798,-1.0548103428781053,-0.13056057012862787,1.0548103428781053
0.13289008788958806,-1.05305824762547,-0.13289008788958795,1.05305824762547
0.13522173423305722,-1.0512990697790752,-0.1352217342330571,1.0512990697790752
0.13755528513455162,-1.0495329658752195,-0.1375552851345515,1.0495329658752195
0.13989052217749415,-1.0477600897116455,-0.13989052217749404,1.0477600897116455
0.14222723243881685,-1.045980592383249,-0.14222723243881674,1.045980592383249
0.14456520837632736,-1.0441946223177667,-0.14456520837632725,1.0441946223177667
0.14690424771784075,-1.0424023253114154,-0.14690424771784064,1.0424023253114154
0.1492441533520751,-1.0406038445644605,-0.149244153352075,1.0406038445644605
0.1515847332213084,-1.0387993207166903,-0.15158473322130828,1.0387993207166903
0.15392580021579172,-1.0369888918827725,-0.1539258002157916,1.0369888918827725
0.1562671720699133,-1.035172693687476,-0.1562671720699132,1.035172693687476
0.1586086712601053,-1.0333508593007377,-0.1586086712601052,1.0333508593007377
0.16095012490448504,-1.031523519472554,-0.16095012490448493,1.031523519472554
0.1632913646642204,-1.029690802567686,-0.16329136466422028,1.029690802567686
0.1656322266466082,-1.0278528346001565,-0.1656322266466081,1.0278528346001565
0.16797255130985358,-1.0260097392675285,-0.16797255130985347,1.0260097392675285
0.17031218336953674,-1.0241616379849503,-0.17031218336953663,1.0241616379849503
0.17265097170675342,-1.0223086499189546,-0.1726509717067533,1.0223086499189546
0.17498876927791387,-1.0204508920209994,-0.17498876927791376,1.0204508920209994
0.17732543302618473,-1.01858847906074,-0.17732543302618461,1.01858847906074
0.17966082379455747,-1.0167215236590241,-0.17966082379455736,1.0167215236590241
0.18199480624052639,-1.0148501363205968,-0.18199480624052627,1.0148501363205968
0.18432724875235854,-1.0129744254665112,-0.18432724875235842,1.0129744254665112
0.1866580233669376,-1.011094497466233,-0.1866580233669375,1.011094497466233
0.18898700568916302,-1.0092104566694355,-0.1889870056891629,1.0092104566694355
0.19131407481288568,-1.007322405437476,-0.19131407481288557,1.007322405437476
0.1936391132433606,-1.0054304441745487,-0.1936391132433605,1.0054304441745487
0.1959620068211971,-1.003534671358509,-0.195962006821197,1.003534671358509
0.19828264464778644,-1.001635183571364,-0.19828264464778633,1.001635183571364
0.20060091901218705,-0.9997320755294262,-0.20060091901218693,0.9997320755294262
0.20291672531944668,-0.9978254401131246,-0.20291672531944657,0.9978254401131246
0.2052299620203412,-0.9959153683964722,-0.20522996202034108,0.9959153683964722
0.2075405305425092,-0.9940019496761862,-0.2075405305425091,0.9940019496761862
0.20984833522296192,-0.992085271500458,-0.2098483352229618,0.992085271500458
0.21215328324194738,-0.990165419697373,-0.21215328324194727,0.990165419697373
0.2144552845581481,-0.9882424784029763,-0.214455284558148,0.9882424784029763
0.21675425184519148,-0.9863165300889845,-0.21675425184519137,0.9863165300889845
0.21905010042945178,-0.9843876555901434,-0.21905010042945167,0.9843876555901434
0.2213427482291231,-0.9824559341312299,-0.22134274822912298,0.9824559341312299
0.22363211569454236,-0.9805214433536977,-0.22363211569454225,0.9805214433536977
0.22591812574974188,-0.9785842593419689,-0.22591812574974177,0.9785842593419689
0.22820070373521026,-0.9766444566493694,-0.22820070373521015,0.9766444566493694
0.23047977735184166,-0.9747021083237108,-0.23047977735184155,0.9747021083237108
0.2327552766060528,-0.9727572859325188,-0.2327552766060527,0.9727572859325188
0.23502713375604725,-0.9708100595879081,-0.23502713375604714,0.9708100595879081
0.237295283259207,-0.9688604979711082,-0.2372952832592069,0.9688604979711082
0.23955966172059132,-0.966908668356638,-0.2395596617205912,0.966908668356638
0.24182020784252278,-0.9649546366361337,-0.24182020784252267,0.9649546366361337
0.24407686237524137,-0.9629984673418303,-0.24407686237524126,0.9629984673418303
0.24632956806860654,-0.9610402236696994,-0.24632956806860642,0.9610402236696994
0.2485782696248283,-0.9590799675022458,-0.24857826962482818,0.9590799675022458
0.25082291365220827,-0.9571177594309641,-0.25082291365220816,0.9571177594309641
0.2530634486198716,-0.955153658778459,-0.2530634486198715,0.955153658778459
0.2552998248134716,-0.9531877236202314,-0.25529982481347147,0.9531877236202314
0.2575319942918474,-0.9512200108061327,-0.2575319942918473,0.9512200108061327
0.2597599108446187,-0.9492505759814909,-0.2597599108446186,0.9492505759814909
0.26198352995069685,-0.9472794736079101,-0.26198352995069674,0.9472794736079101
0.26420280873769697,-0.9453067569837486,-0.26420280873769686,0.9453067569837486
0.2664177059422319,-0.9433324782642755,-0.2664177059422318,0.9433324782642755
0.2686281818710718,-0.9413566884815123,-0.2686281818710717,0.9413566884815123
0.27083419836315153,-0.9393794375637607,-0.2708341983631514,0.9393794375637607
0.2730357187524099,-0.9374007743548195,-0.2730357187524098,0.9374007743548195
0.27523270783144355,-0.9354207466328955,-0.27523270783144343,0.9354207466328955
0.2774251318159595,-0.9334394011292115,-0.2774251318159594,0.9334394011292115
0.2796129583100103,-0.9314567835463129,-0.2796129583100102,0.9314567835463129
0.28179615627199606,-0.9294729385760788,-0.28179615627199595,0.9294729385760788
0.2839746959814175,-0.92748790991744,-0.2839746959814174,0.92748790991744
0.2861485490063654,-0.9255017402938067,-0.28614854900636527,0.9255017402938067
0.28831768817173065,-0.9235144714702108,-0.28831768817173054,0.9235144714702108
0.29048208752812066,-0.9215261442701658,-0.29048208752812055,0.9215261442701658
0.2926417223214673,-0.9195367985922469,-0.2926417223214672,0.9195367985922469
0.29479656896331224,-0.9175464734263967,-0.29479656896331213,0.9175464734263967
0.29694660500175574,-0.9155552068699587,-0.2969466050017556,0.9155552068699587
0.2990918090930546,-0.9135630361434423,-0.2990918090930545,0.9135630361434423
0.3012321609738563,-0.9115699976060232,-0.3012321609738562,0.9115699976060232
0.30336764143405576,-0.9095761267707837,-0.30336764143405565,0.9095761267707837
0.3054982322902614,-0.9075814583196937,-0.3054982322902613,0.9075814583196937
0.30762391635985836,-0.9055860261183395,-0.30762391635985825,0.9055860261183395
0.3097446774356552,-0.9035898632304009,-0.3097446774356551,0.9035898632304009
0.3118605002611028,-0.9015930019318825,-0.3118605002611027,0.9015930019318825
0.31397137050607266,-0.8995954737251006,-0.31397137050607254,0.8995954737251006
0.3160772747431828,-0.8975973093524312,-0.3160772747431827,0.8975973093524312
0.3181782004246596,-0.8955985388098211,-0.3181782004246595,0.8955985388098211
0.32027413585972414,-0.8935991913600665,-0.32027413585972403,0.8935991913600665
0.32236507019249183,-0.8915992955458615,-0.3223650701924917,0.8915992955458615
0.324450993380374,-0.8895988792026217,-0.32445099338037386,0.8895988792026217
0.3265318961729711,-0.887597969471084,-0.326531896172971,0.887597969471084
0.32860777009144665,-0.885596592809688,-0.32860777009144654,0.885596592809688
0.3306786074083711,-0.8835947750067413,-0.33067860740837096,0.8835947750067413
0.33274440112802617,-0.8815925411923718,-0.33274440112802606,0.8815925411923718
0.3348051449671596,-0.8795899158502715,-0.33480514496715946,0.8795899158502715
0.3368608333361795,-0.8775869228292332,-0.3368608333361794,0.8775869228292332
0.3389114613207801,-0.8755835853544859,-0.33891146132078,0.8755835853544859
0.3409570246639884,-0.8735799260388287,-0.3409570246639883,0.8735799260388287
0.3429975197486232,-0.8715759668935701,-0.3429975197486231,0.8715759668935701
0.34503294358015685,-0.8695717293392726,-0.34503294358015674,0.8695717293392726
0.34706329376997175,-0.8675672342163077,-0.34706329376997164,0.8675672342163077
0.3490885685190019,-0.8655625017952235,-0.3490885685190018,0.8655625017952235
0.3511087666017516,-0.8635575517869286,-0.3511087666017515,0.8635575517869286
0.3531238873506833,-0.8615524033526939,-0.3531238873506832,0.8615524033526939
0.3551339306409654,-0.8595470751139772,-0.35513393064096527,0.8595470751139772
0.35713889687557315,-0.857541585162072,-0.35713889687557304,0.857541585162072
0.3591387869707345,-0.8555359510675837,-0.35913878697073437,0.8555359510675837
0.3611336023417124,-0.853530189889737,-0.36113360234171227,0.853530189889737
0.36312334488891757,-0.8515243181855153,-0.36312334488891745,0.8515243181855153
0.36510801698434336,-0.8495183520186378,-0.36510801698434325,0.8495183520186378
0.3670876214583156,-0.8475123069683734,-0.36708762145831547,0.8475123069683734
0.36906216158655086,-0.8455061981381979,-0.36906216158655075,0.8455061981381979
0.37103164107751613,-0.843500040164294,-0.371031641077516,0.843500040164294
0.3729960640600827,-0.8414938472238986,-0.37299606406008257,0.8414938472238986
0.3749554350714682,-0.8394876330434997,-0.3749554350714681,0.8394876330434997
0.37690975904546065,-0.8374814109068844,-0.37690975904546054,0.8374814109068844
0.3788590413009169,-0.835475193663042,-0.3788590413009168,0.835475193663042
0.38080328753053094,-0.8334689937339238,-0.38080328753053083,0.8334689937339238
0.3827425037898648,-0.8314628231220622,-0.3827425037898647,0.8314628231220622
0.38467669648663677,-0.8294566934180514,-0.38467669648663666,0.8294566934180514
0.38660587237026117,-0.8274506158078925,-0.38660587237026106,0.8274506158078925
0.38853003852163337,-0.8254446010802048,-0.38853003852163326,0.8254446010802048
0.39044920234315555,-0.8234386596333064,-0.39044920234315544,0.8234386596333064
0.39236337154899686,-0.821432801482165,-0.39236337154899675,0.821432801482165
0.3942725541555832,-0.8194270362652226,-0.3942725541555831,0.8194270362652226
0.3961767584723115,-0.8174213732510957,-0.3961767584723114,0.8174213732510957
0.3980759930924828,-0.8154158213451523,-0.3980759930924827,0.8154158213451523
0.3999702668844503,-0.8134103890959703,-0.3999702668844502,0.8134103890959703
0.4018595889829762,-0.8114050847016758,-0.4018595889829761,0.8114050847016758
0.4037439687807937,-0.8093999160161672,-0.4037439687807936,0.8093999160161672
0.4056234159203691,-0.8073948905552237,-0.405623415920369,0.8073948905552237
0.40749794028585906,-0.8053900155025029,-0.40749794028585895,0.8053900155025029
0.40936755199525954,-0.8033852977154277,-0.4093675519952594,0.8033852977154277
0.41123226139274116,-0.8013807437309654,-0.41123226139274105,0.8013807437309654
0.41309207904116724,-0.7993763597713006,-0.4130920790411671,0.7993763597713006
0.4149470157147903,-0.7973721517494036,-0.4149470157147902,0.7973721517494036
0.416797082392123,-0.795368125274496,-0.4167970823921229,0.795368125274496
0.41864229024897914,-0.7933642856574166,-0.41864229024897903,0.7933642856574166
0.4204826506516817,-0.7913606379158874,-0.4204826506516816,0.7913606379158874
0.4223181751504333,-0.7893571867796828,-0.4223181751504332,0.7893571867796828
0.42414887547284563,-0.7873539366957037,-0.4241488754728455,0.7873539366957037
0.4259747635176246,-0.7853508918329574,-0.4259747635176245,0.7853508918329574
0.42779585134840714,-0.7833480560874454,-0.42779585134840703,0.7833480560874454
0.4296121511877466,-0.7813454330869616,-0.4296121511877465,0.7813454330869616
0.43142367541124294,-0.7793430261958005,-0.4314236754112428,0.7793430261958005
0.43323043654181487,-0.7773408385193794,-0.43323043654181476,0.7773408385193794
0.4350324472441104,-0.7753388729087738,-0.4350324472441103,0.7753388729087738
0.43683297528309695,-0.7753407126491207,-0.43683297528309684,0.7753407126491207
0.4386380517829708,-0.7773497366954131,-0.43863805178297066,0.7773497366954131
0.44045043260789063,-0.7793657208004889,-0.4404504326078905,0.7793657208004889
0.44227008854097904,-0.7813886207513356,-0.44227008854097893,0.7813886207513356
0.44409698731879216,-0.7834183889626658,-0.44409698731879205,0.7834183889626658
0.44593109350630156,-0.7854549743458203,-0.44593109350630145,0.7854549743458203
0.4477723683671777,-0.7874983221729013,-0.4477723683671776,0.7874983221729013
0.44962076972919895,-0.7895483739359612,-0.44962076972919884,0.7895483739359612
0.4514762518446034,-0.7916050672010687,-0.45147625184460327,0.7916050672010687
0.45333876524519373,-0.793668335457063,-0.4533387652451936,0.793668335457063
0.45520825659199937,-0.7957381079588041,-0.45520825659199926,0.7957381079588041
0.4570846685192907,-0.7978143095647189,-0.4570846685192906,0.7978143095647189
0.4589679394727349,-0.7998968605684337,-0.4589679394727348,0.7998968605684337
0.4608580035414737,-0.8019856765242791,-0.4608580035414736,0.8019856765242791
0.46275479028389555,-0.8040806680664446,-0.46275479028389543,0.8040806680664446
0.4646582245468658,-0.8061817407215504,-0.4646582245468657,0.8061817407215504
0.46656822627817146,-0.8082887947143984,-0.46656822627817135,0.8082887947143984
0.46848471033192585,-0.8104017247666553,-0.46848471033192574,0.8104017247666553
0.47040758626667056,-0.812520419888209,-0.47040758626667045,0.812520419888209
0.4723367581359026,-0.8146447631609354,-0.4723367581359025,0.8146447631609354
0.4742721242707438,-0.8167746315145984,-0.47427212427074367,0.8167746315145984
0.47621357705445994,-0.8189098954946007,-0.4762135770544598,0.8189098954946007
0.4781610026885268,-0.8210504190212892,-0.4781610026885267,0.8210504190212892
0.480114280949928,-0.8231960591405114,-0.48011428094992786,0.8231960591405114
0.4820732849393601,-0.8253466657651077,-0.48207328493935997,0.8253466657651077
0.4840378808200075,-0.8275020814070124,-0.48403788082000737,0.8275020814070124
0.48600792754653804,-0.8296621408996284,-0.48600792754653793,0.8296621408996284
0.4879832765839584,-0.8318266711101251,-0.4879832765839583,0.8318266711101251
0.48996377161595445,-0.8339954906413006,-0.48996377161595434,0.8339954906413006
0.4919492482423306,-0.8361684095226358,-0.4919492482423305,0.8361684095226358
0.4939395336651467,-0.8383452288901547,-0.4939395336651466,0.8383452288901547
0.4959344463631386,-0.8405257406546957,-0.4959344463631385,0.8405257406546957
0.4979337957539943,-0.8427097271581818,-0.4979337957539942,0.8427097271581818
0.49993738184404224,-0.8448969608174679,-0.49993738184404213,0.8448969608174679
0.501944994864894,-0.8470872037553271,-0.5019449948648939,0.8470872037553271
0.5039564148965687,-0.8492802074181264,-0.5039564148965686,0.8492802074181264
0.505971411476611,-0.8514757121797265,-0.5059714114766108,0.8514757121797265
0.5079897431946963,-0.8536734469311269,-0.5079897431946961,0.8536734469311269
0.5100111572722048,-0.8558731286553631,-0.5100111572722047,0.8558731286553631
0.5120353891262258,-0.8580744619871471,-0.5120353891262257,0.8580744619871471
0.5140621619174378,-0.8602771387567283,-0.5140621619174377,0.8602771387567283
0.5160911860812942,-0.8624808375174369,-0.5160911860812941,0.8624808375174369
0.5181221588419251,-0.8646852230563556,-0.518122158841925,0.8646852230563556
0.520154763708149,-0.8668899458875517,-0.5201547637081488,0.8668899458875517
0.5221886699509705,-0.8690946417272836,-0.5221886699509704,0.8690946417272836
0.5242235320619225,-0.8712989309505835,-0.5242235320619224,0.8712989309505835
0.526258989191591,-0.8735024180286017,-0.5262589891915909,0.8735024180286017
0.5282946645676456,-0.8757046909460794,-0.5282946645676455,0.8757046909460794
0.5303301648916798,-0.8779053205983065,-0.5303301648916797,0.8779053205983065
0.532365079714144,-0.8801038601669032,-0.5323650797141439,0.8801038601669032
0.5343989807866409,-0.8822998444737498,-0.5343989807866408,0.8822998444737498
0.536431421390832,-0.8844927893123739,-0.5364314213908319,0.8844927893123739
0.5384619356431862,-0.8866821907560932,-0.5384619356431861,0.8866821907560932
0.5404900377747871,-0.8888675244421952,-0.540490037774787,0.8888675244421952
0.5425152213853948,-0.8910482448314239,-0.5425152213853947,0.8910482448314239
0.5445369586709456,-0.8932237844420333,-0.5445369586709455,0.8932237844420333
0.5465546996236558,-0.8953935530576531,-0.5465546996236557,0.8953935530576531
0.5485678712038794,-0.8975569369082047,-0.5485678712038793,0.8975569369082047
0.5505758764828613,-0.8997132978230966,-0.5505758764828612,0.8997132978230966
0.5525780937555085,-0.9018619723559195,-0.5525780937555084,0.9018619723559195
0.5545738756222957,-0.9040022708798581,-0.5545738756222955,0.9040022708798581
0.5565625480394104,-0.9061334766530301,-0.5565625480394103,0.9061334766530301
0.558543409336235,-0.9082548448529643,-0.5585434093362349,0.9082548448529643
0.5605157291992571,-0.910365601579426,-0.560515729199257,0.910365601579426
0.5624787476214979,-0.9124649428248072,-0.5624787476214977,0.9124649428248072
0.5644316738165462,-0.9145520334112971,-0.5644316738165461,0.9145520334112971
0.5663736850962888,-0.9166260058940665,-0.5663736850962887,0.9166260058940665
0.5683039257114314,-0.9186859594297051,-0.5683039257114313,0.9186859594297051
0.570221505653918,-0.9207309586091721,-0.5702215056539179,0.9207309586091721
0.5721254994203657,-0.9227600322545404,-0.5721254994203656,0.9227600322545404
0.5740149447356507,-0.92477217217884,-0.5740149447356506,0.92477217217884
0.5758888412358067,-0.9267663319083388,-0.5758888412358066,0.9267663319083388
0.5777461491094227,-0.9287414253666364,-0.5777461491094226,0.9287414253666364
0.579585787696762,-0.9306963255199888,-0.5795857876967618,0.9306963255199888
0.5814066340458682,-0.9326298629833342,-0.5814066340458681,0.9326298629833342
0.5832075214249706,-0.9345408245865476,-0.5832075214249705,0.9345408245865476
0.5849872377905565,-0.9364279519005203,-0.5849872377905564,0.9364279519005203
0.5867445242105511,-0.9382899397227338,-0.586744524210551,0.9382899397227338
0.5884780732421115,-0.9401254345220867,-0.5884780732421114,0.9401254345220867
0.5901865272636365,-0.9419330328428285,-0.5901865272636364,0.9419330328428285
0.5918684767606862,-0.9437112796675622,-0.5918684767606861,0.9437112796675622
0.5935224585656187,-0.945458666739402,-0.5935224585656186,0.945458666739402
0.595146954050874,-0.9471736308435044,-0.5951469540508739,0.9471736308435044
0.5967403872759768,-0.9488545520483429,-0.5967403872759767,0.9488545520483429
0.5983011230884816,-0.9504997519072644,-0.5983011230884815,0.9504997519072644
0.5998274651792607,-0.9521074916210462,-0.5998274651792606,0.9521074916210462
0.6013176540927226,-0.9536759701623772,-0.6013176540927225,0.9536759701623772
0.602769865192766,-0.9552033223634095,-0.6027698651927659,0.9552033223634095
0.6041822065855018,-0.9566876169677716,-0.6041822065855017,0.9566876169677716
0.6055527170000404,-0.9581268546486984,-0.6055527170000403,0.9581268546486984
0.6068793636289176,-0.9595189659952321,-0.6068793636289175,0.9595189659952321
0.6081600399300471,-0.9608618094687601,-0.608160039930047,0.9608618094687601
0.6093925633924242,-0.962153169332508,-0.6093925633924241,0.962153169332508
0.6105746732681766,-0.9633907535569813,-0.6105746732681765,0.9633907535569813
0.611704028273959,-0.9645721917047578,-0.6117040282739589,0.9645721917047578
0.6127782042651296,-0.9656950327984777,-0.6127782042651295,0.9656950327984777
0.6137946918866194,-0.9667567431763556,-0.6137946918866193,0.9667567431763556
0.6147508942049211,-0.9677547043400574,-0.614750894204921,0.9677547043400574
0.6156441243261833,-0.9686862108003393,-0.6156441243261832,0.9686862108003393
0.6164716030059936,-0.9695484679264486,-0.6164716030059935,0.9695484679264486
0.6172304562570845,-0.9703385898059242,-0.6172304562570844,0.9703385898059242
0.6179177129618934,-0.9710535971221287,-0.6179177129618932,0.9710535971221287
0.6185303024976517,-0.9716904150575747,-0.6185303024976516,0.9716904150575747
0.6190650523824851,-0.972245871231901,-0.619065052382485,0.972245871231901
0.6195186859518574,-0.9727166936841855,-0.6195186859518573,0.9727166936841855
0.61988782007561,-0.9730995089101774,-0.6198878200756099,0.9730995089101774
0.6201689629268184,-0.9733908399659745,-0.6201689629268183,0.9733908399659745
0.6203585118147237,-0.973587104650671,-0.6203585118147236,0.973587104650671
0.6204527510950916,-0.973684613781559,-0.6204527510950915,0.973684613781559
0.6204478501725131,-0.9736795695765809,-0.620447850172513,0.9736795695765809
0.6203398616103825,-0.9735680641598967,-0.6203398616103823,0.9735680641598967
0.620124719365574,-0.9733460782076594,-0.6201247193655739,0.9733460782076594
0.619798237166194,-0.9730094797523678,-0.6197982371661939,0.9730094797523678
0.6193561070521894,-0.9725540231655043,-0.6193561070521892,0.9725540231655043
0.6187938981000732,-0.9719753483395428,-0.6187938981000731,0.9719753483395428
0.6181070553545526,-0.9712689800918468,-0.6181070553545525,0.9712689800918468
0.6172908989914268,-0.9704303278144464,-0.6172908989914266,0.9704303278144464
0.6163406237377586,-0.969454685395191,-0.6163406237377584,0.969454685395191
0.6152512985769886,-0.9683372314373144,-0.6152512985769885,0.9683372314373144
0.6140178667683732,-0.9670730298060025,-0.6140178667683731,0.9670730298060025
0.6126351462118566,-0.9656570305321245,-0.6126351462118564,0.9656570305321245
0.6110978301912326,-0.964084071104856,-0.6110978301912325,0.964084071104856
0.6094004885301985,-0.9623488781864723,-0.6094004885301983,0.9623488781864723
0.6075375691976299,-0.9604460697841115,-0.6075375691976298,0.9604460697841115
0.6055034004001112,-0.9583701579147824,-0.6055034004001111,0.9583701579147824
0.603292193201393,-0.9561155518012918,-0.6032921932013929,0.9561155518012918
0.6008980447100278,-0.9536765616380813,-0.6008980447100277,0.9536765616380813
0.5983149418778994,-0.9510474029671557,-0.5983149418778992,0.9510474029671557
0.5955367659537063,-0.9482222017053366,-0.5955367659537062,0.9482222017053366
0.5925572976366424,-0.9451949998649473,-0.5925572976366423,0.9451949998649473
0.5893702229765005,-0.9419597620106988,-0.5893702229765004,0.9419597620106988
0.5859691400671838,-0.9385103824959612,-0.5859691400671837,0.9385103824959612
0.5823475665810874,-0.934840693521738,-0.5823475665810873,0.934840693521738
0.5784989481919757,-0.9309444740614577,-0.5784989481919756,0.9309444740614577
0.5744166679337781,-0.9268154596941258,-0.574416667933778,0.9268154596941258
0.5700940565421079,-0.9224473533873855,-0.5700940565421078,0.9224473533873855
0.5655244038242199,-0.9178338372705664,-0.5655244038242198,0.9178338372705664
0.5607009711015142,-0.9129685854358132,-0.5607009711015141,0.9129685854358132
0.5556170047664979,-0.9078452778028182,-0.5556170047664978,0.9078452778028182
0.550265750993289,-0.9024576150794918,-0.5502657509932889,0.9024576150794918
0.5446404716372142,-0.8967993348470227,-0.5446404716372141,0.8967993348470227
0.5387344613547689,-0.8908642287931738,-0.5387344613547688,0.8908642287931738
0.5325410659701088,-0.8846461611122657,-0.5325410659701086,0.8846461611122657
0.5260537021082748,-0.87813908808407,-0.5260537021082747,0.87813908808407
0.5192658781084729,-0.8713370788367446,-0.5192658781084728,0.8713370788367446
0.5121712162228796,-0.8642343372909319,-0.5121712162228795,0.8642343372909319
0.5047634760976045,-0.8568252252732045,-0.5047634760976044,0.8568252252732045
0.49703657952256397,-0.8491042867771448,-0.49703657952256386,0.8491042867771448
0.48898463642610535,-0.8410662733394911,-0.48898463642610523,0.8410662733394911
0.4806019720782545,-0.8327061704869733,-0.4806019720782544,0.8327061704869733
0.4718831554534586,-0.8240192251967187,-0.4718831554534585,0.8240192251967187
0.46282302868968744,-0.8150009742994796,-0.46282302868968733,0.8150009742994796
0.4534167375657904,-0.8056472737404672,-0.45341673756579026,0.8056472737404672
0.4436597629031568,-0.7959543285973646,-0.4436597629031567,0.7959543285973646
0.43354795278108693,-0.7859187237392338,-0.4335479527810868,0.7859187237392338
0.4230775554379735,-0.775537454993653,-0.4230775554379734,0.775537454993653
0.4122452527125706,-0.7648079606726903,-0.4122452527125705,0.7648079606726903
0.4010481938614635,-0.7537281532914029,-0.4010481938614634,0.7537281532914029
0.3894840295705582,-0.7422964512956737,-0.3894840295705581,0.7422964512956737
0.37755094596022315,-0.7305118105995839,-0.37755094596022304,0.7305118105995839
0.3652476983658968,-0.7183737557164375,-0.3652476983658967,0.7183737557164375
0.3525736446588265,-0.7058824102522884,-0.3525736446588264,0.7058824102522884
0.3395287778554307,-0.6930385265166803,-0.33952877785543056,0.6930385265166803
0.3261137577489298,-0.679843513992608,-0.3261137577489297,0.679843513992608
0.3123299412837183,-0.6662994663968038,-0.3123299412837182,0.6662994663968038
0.2981794113818196,-0.6524091870526634,-0.29817941138181947,0.6524091870526634
0.28366500392205163,-0.6381762122918182,-0.2836650039220515,0.6381762122918182
0.2687903325666006,-0.6236048325968591,-0.2687903325666005,0.6236048325968591
0.25355981112690884,-0.6087001111973488,-0.25355981112690873,0.6087001111973488
0.23797867316147311,-0.5934678998343247,-0.237978673161473,0.5934678998343247
0.22205298850262295,-0.577914851415253,-0.22205298850262284,0.577914851415253
0.2057896764178726,-0.5620484292920708,-0.2057896764178725,0.5620484292920708
0.18919651512423047,-0.5458769129097172,-0.18919651512423036,0.5458769129097172
0.17228214739105793,-0.5294093995915068,-0.17228214739105782,0.5294093995915068
0.15505608198877827,-0.5126558022508796,-0.15505608198877815,0.5126558022508796
0.13752869076694804,-0.49562684284642805,-0.13752869076694793,0.49562684284642805
0.11971120117583293,-0.47833404142851876,-0.11971120117583282,0.47833404142851876
0.10161568408049876,-0.46078970066108615,-0.10161568408049865,0.46078970066108615
0.08325503675526266,-0.4430068857409615,-0.08325503675526255,0.4430068857409615
0.06464296098877634,-0.4249993996790151,-0.06464296098877623,0.4249993996790151
0.04579393627556132,-0.40678175395194405,-0.045793936275561206,0.40678175395194405
0.026723188117928367,-0.38836913458015376,-0.026723188117928256,0.38836913458015376
0.007446651512237494,-0.3697773637352192,-0.007446651512237383,0.3697773637352192
-0.012019070255327606,-0.35102285702914127,0.012019070255327717,0.35102285702914127
-0.03165675132667044,-0.33212257668628836,0.03165675132667055,0.33212257668628836
-0.051448593275374724,-0.31309398084671247,0.051448593275374835,0.31309398084671247
-0.0713762791180549,-0.29395496929564663,0.07137627911805501,0.29395496929564663
-0.0914210310077685,-0.274723825957601,0.0914210310077686,0.274723825957601
-0.11156367123903164,-0.25541915853377933,0.11156367123903176,0.25541915853377933
-0.1317846861530496,-0.23605983569778247,0.13178468615304972,0.23605983569778247
-0.15206429249544445,-0.2166649222960507,0.15206429249544456,0.2166649222960507
-0.17238250574773265,-0.19725361302561034,0.17238250574773276,0.19725361302561034
-0.19271920992867558,-0.17784516508190615,0.1927192099286757,0.17784516508190615
-0.2130542283428887,-0.15845883028341734,0.2130542283428888,0.15845883028341734
-0.23336739474211834,-0.13911378718708273,0.23336739474211846,0.13911378718708273
-0.2536386243596173,-0.11982907370914472,0.2536386243596174,0.11982907370914472
-0.27384798428015944,-0.1006235207598468,0.27384798428015955,0.1006235207598468
-0.29397576261738595,-0.08151568738760062,0.29397576261738606,0.08151568738760062
-0.3140025359861789,-0.06252379790902848,0.314002535986179,0.06252379790902848
-0.333909234780284,-0.04366568147606267,0.3339092347802841,0.04366568147606267
-0.3536772057940029,-0.024958714500537275,0.353677205794003,0.024958714500537275
-0.3732882717608758,-0.00641976632103624,0.3732882717608759,0.00641976632103624
-0.39272478742121814,0.01193485154315745,0.39272478742121825,-0.01193485154315745
-0.4119696917734092,0.03008943224958256,0.4119696917734093,-0.03008943224958256
-0.4310065562101581,0.04802891634628087,0.4310065562101582,-0.04802891634628087
-0.44981962828974664,0.06573893013433,0.44981962828974675,-0.06573893013433
-0.46839387094261026,0.08320581952096909,0.46839387094261037,-0.08320581952096909
-0.48671499696471077,0.10041667925434418,0.4867149969647109,-0.10041667925434418
-0.5047694987001425,0.11735937747963499,0.5047694987001426,-0.11735937747963499
-0.5225446728655061,0.13402257560376904,0.5225446728655062,-0.13402257560376904
-0.5400286405170414,0.15039574350141108,0.5400286405170415,-0.15039574350141108
-0.5572103622076762,0.1664691701378302,0.5572103622076763,-0.1664691701378302
-0.5740796484244252,0.18223396972407707,0.5740796484244253,-0.18223396972407707
-0.5906271654364801,0.19768208355621952,0.5906271654364802,-0.19768208355621952
-0.6068444367204618,0.21280627772284993,0.606844436720462,-0.21280627772284993
-0.622723840161355,0.22760013689345007,0.6227238401613551,-0.22760013689345007
-0.6382586012554069,0.24205805442432432,0.638258601255407,-0.24205805442432432
-0.6534427825646342,0.25617521903863183,0.6534427825646343,-0.25617521903863183
-0.6682712696915056,0.269947598352576,0.6682712696915057,-0.269947598352576
-0.682739754056925,0.28337191953114305,0.6827397540569251,-0.28337191953114305
-0.6968447127749309,0.2964456473640767,0.696844712774931,-0.2964456473640767
-0.7105833859237727,0.3091669600562514,0.7105833859237728,-0.3091669600562514
-0.7239537515154322,0.32153472302652414,0.7239537515154323,-0.32153472302652414
-0.7369544984645439,0.3335484610058049,0.736954498464544,-0.3335484610058049
-0.7495849978533324,0.3452083287188146,0.7495849978533325,-0.3452083287188146
-0.7618452727819763,0.356515080425143,0.7618452727819764,-0.356515080425143
-0.7737359670840829,0.3674700385841291,0.773735967084083,-0.3674700385841291
-0.7852583131750794,0.37807506189512174,0.7852583131750795,-0.37807506189512174
-0.7964140992876513,0.38833251295018245,0.7964140992876514,-0.38833251295018245
-0.8072056363332377,0.3982452257206061,0.8072056363332378,-0.3982452257206061
-0.8176357246123713,0.4078164730820777,0.8176357246123714,-0.4078164730820777
-0.8277076205796312,0.4170499345661522,0.8277076205796313,-0.4170499345661522
-0.8374250038514673,0.4259496645083148,0.8374250038514675,-0.4259496645083148
-0.8467919446274196,0.43452006074540006,0.8467919446274197,-0.43452006074540006
-0.8558128716775313,0.44276583399783837,0.8558128716775314,-0.44276583399783837
-0.8644925410312695,0.4506919780552532,0.8644925410312696,-0.4506919780552532
-0.8728360054861865,0.45830374086751524,0.8728360054861866,-0.45830374086751524
-0.8808485850380572,0.46560659662760573,0.8808485850380573,-0.46560659662760573
-0.8885358383184273,0.4726062189176667,0.8885358383184274,-0.4726062189176667
-0.8959035351105158,0.47930845497550284,0.8959035351105159,-0.47930845497550284
-0.902957630000313,0.4857193011256152,0.9029576300003131,-0.4857193011256152
-0.9097042372065592,0.49184487940663096,0.9097042372065594,-0.49184487940663096
-0.9161496066211144,0.49769141541577633,0.9161496066211146,-0.49769141541577633
-0.9223001010800639,0.5032652173808201,0.922300101080064,-0.5032652173808201
-0.9281621748757415,0.508572656460697,0.9281621748757416,-0.508572656460697
-0.9337423535106908,0.5136201482677777,0.9337423535106909,-0.5136201482677777
-0.9390472146863992,0.5184141355974562,0.9390472146863993,-0.5184141355974562
-0.9440833705123984,0.5229610723443467,0.9440833705123985,-0.5229610723443467
-0.9488574509149927,0.5272674085788642,0.9488574509149929,-0.5272674085788642
-0.9533760882194021,0.5313395767532674,0.9533760882194022,-0.5313395767532674
-0.9576459028744494,0.535183979002314,0.9576459028744495,-0.535183979002314
-0.9616734902850144,0.538806975500457,0.9616734902850145,-0.538806975500457
-0.965465408714284,0.5422148738349475,0.9654654087142841,-0.5422148738349475
-0.9690281682152727,0.545413919352244,0.9690281682152728,-0.545413919352244
-0.9723682205491317,0.5484102864337087,0.9723682205491319,-0.5484102864337087
-0.9754919500463416,0.5512100706556343,0.9754919500463417,-0.5512100706556343
-0.978405665365945,0.553819281788155,0.9784056653659451,-0.553819281788155
-0.9811155921074695,0.5562438375874805,0.9811155921074696,-0.5562438375874805
-0.9836278662300627,0.5584895583361272,0.9836278662300628,-0.5584895583361272
-0.9859485282335753,0.5605621620863399,0.9859485282335754,-0.5605621620863399
-0.9880835180568242,0.5624672605626797,0.9880835180568243,-0.5624672605626797
-0.9900386706490238,0.5642103556807406,0.990038670649024,-0.5642103556807406
-0.9918197121713332,0.5657968366401305,0.9918197121713334,-0.5657968366401305
-0.9934322567866091,0.5672319775511647,0.9934322567866092,-0.5672319775511647
-0.9948818039967421,0.5685209355561579,0.9948818039967422,-0.5685209355561579
-0.9961737364883545,0.5696687494077167,0.9961737364883546,-0.5696687494077167
-0.9973133184491327,0.5706803384680309,0.9973133184491328,-0.5706803384680309
-0.998305694318628,0.5715605020947903,0.9983056943186281,-0.5715605020947903
-0.999155887938966,0.5723139193810207,0.9991558879389661,-0.5723139193810207
-0.9998688020725418,0.5729451492178013,0.9998688020725419,-0.5729451492178013
-1.0004492182554232,0.573458630650494,1.0004492182554234,-0.573458630650494
-1.0009017969568335,0.5738586835007716,1.0009017969568337,-0.5738586835007716
-1.0012310780167135,0.5741495092283548,1.0012310780167137,-0.5741495092283548
-1.0014414813349752,0.5743351920079612,1.0014414813349755,-0.5743351920079612
-1.0015373077876306,0.5744196999985232,1.0015373077876308,-0.5744196999985232
-1.001522740346519,0.5744068867832293,1.0015227403465192,-0.5744068867832293
-1.0014018453808464,0.574300492960401,1.0014018453808466,-0.574300492960401
-1.0011785741201884,0.5741041478666075,1.0011785741201886,-0.5741041478666075
-1.0008567642600017,0.5738213714147614,1.000856764260002,-0.5738213714147614
-1.0004401416920126,0.5734555760312168,1.0004401416920128,-0.5734555760312168
-0.9999323223431331,0.5730100686771057,0.9999323223431333,-0.5730100686771057
-0.9993368141077624,0.5724880529403081,0.9993368141077626,-0.5724880529403081
-0.9986570188594913,0.5718926311855446,0.9986570188594915,-0.5718926311855446
-0.9978962345293205,0.5712268067511141,0.9978962345293207,-0.5712268067511141
-0.9970576572385424,0.5704934861817799,0.9970576572385427,-0.5704934861817799
-0.9961443834754129,0.5696954814882177,0.9961443834754131,-0.5696954814882177
-0.9951594123056631,0.5688355124243087,0.9951594123056633,-0.5688355124243087
-0.9941056476077683,0.5679162087743607,0.9941056476077685,-0.5679162087743607
-0.992985900324703,0.5669401126430981,0.9929859003247032,-0.5669401126430981
-0.9918028907246731,0.5659096807419665,0.9918028907246733,-0.5659096807419665
-0.9905592506640286,0.5648272866659473,0.9905592506640288,-0.5648272866659473
-0.9892575258462227,0.5636952231556934,0.989257525846223,-0.5636952231556934
-0.9879001780713014,0.5625157043403566,0.9879001780713016,-0.5625157043403566
-0.9864895874709823,0.5612908679570026,0.9864895874709825,-0.5612908679570026
-0.9850280547249151,0.560022777542994,0.9850280547249153,-0.560022777542994
-0.9835178032542082,0.5587134245981656,0.9835178032542085,-0.5587134245981656
-0.9819609813887634,0.5573647307140277,0.9819609813887636,-0.5573647307140277
-0.980359664505381,0.5559785496676115,0.9803596645053813,-0.5559785496676115
-0.9787158571339887,0.5545566694779173,0.9787158571339889,-0.5545566694779173
-0.9770314950296992,0.5531008144232412,0.9770314950296994,-0.5531008144232412
-0.9753084472087361,0.5516126470179493,0.9753084472087363,-0.5516126470179493
-0.9735485179465612,0.5500937699475288,0.9735485179465614,-0.5500937699475288
-0.9717534487368167,0.54854572796099,0.9717534487368169,-0.54854572796099
-0.9699249202099436,0.5469700097199086,0.9699249202099438,-0.5469700097199086
-0.9680645540105661,0.5453680496035967,0.9680645540105663,-0.5453680496035967
-0.9661739146329411,0.5437412294700692,0.9661739146329413,-0.5437412294700692
-0.9642545112139581,0.542090880372634,0.9642545112139583,-0.542090880372634
-0.9623077992833481,0.5404182842320778,0.9623077992833483,-0.5404182842320778
-0.9603351824709094,0.5387246754645502,0.9603351824709097,-0.5387246754645502
-0.958338014170702,0.5370112425653611,0.9583380141707022,-0.5370112425653611
-0.9563175991622803,0.5352791296490155,0.9563175991622805,-0.5352791296490155
-0.9542751951891512,0.5335294379458905,0.9542751951891514,-0.5335294379458905
-0.9522120144947366,0.5317632272560504,0.9522120144947368,-0.5317632272560504
-0.9501292253162134,0.5299815173607563,0.9501292253162136,-0.5299815173607563
-0.9480279533366751,0.5281852893922926,0.9480279533366753,-0.5281852893922926
-0.9459092830961333,0.5263754871627842,0.9459092830961335,-0.5263754871627842
-0.9437742593619306,0.5245530184527213,0.9437742593619308,-0.5245530184527213
-0.9416238884591922,0.5227187562599483,0.9416238884591924,-0.5227187562599483
-0.9394591395619852,0.5208735400099048,0.9394591395619855,-0.5208735400099048
-0.9372809459458925,0.5190181767279297,0.9372809459458927,-0.5190181767279297
-0.9350902062027396,0.5171534421744651,0.9350902062027399,-0.5171534421744651
-0.9328877854182399,0.515280081944007,0.9328877854182401,-0.515280081944007
-0.9306745163133416,0.5133988125286649,0.9306745163133419,-0.5133988125286649
-0.9284512003500809,0.5115103223471996,0.9284512003500811,-0.5115103223471996
-0.9262186088027525,0.5096152727404116,0.9262186088027528,-0.5096152727404116
-0.923977483795224,0.5077142989337562,0.9239774837952243,-0.5077142989337562
-0.9217285393052197,0.5058080109680563,0.9217285393052199,-0.5058080109680563
-0.9194724621364062,0.5038969945991848,0.9194724621364064,-0.5038969945991848
-0.9172099128591108,0.5019818121675782,0.917209912859111,-0.5019818121675782
-0.9149415267204997,0.5000630034384378,0.9149415267204999,-0.5000630034384378
-0.9126679145250415,0.49814108641346344,0.9126679145250417,-0.49814108641346344
-0.9103896634860716,0.49621655811495624,0.9103896634860719,-0.49621655811495624
-0.9081073380492676,0.4942898953431116,0.9081073380492678,-0.4942898953431116
-0.9058214806888342,0.49236155540731225,0.9058214806888344,-0.49236155540731225
-0.9035326126771879,0.49043197683221673,0.9035326126771881,-0.49043197683221673
-0.9012412348289168,0.48850158003942246,0.901241234828917,-0.48850158003942246
-0.8989478282197803,0.4865707680054684,0.8989478282197805,-0.4865707680054684
-0.8966528548814986,0.48463992689692503,0.8966528548814988,-0.48463992689692503
-0.8943567584730697,0.4827094266833032,0.89435675847307,-0.4827094266833032
-0.8920599649293324,0.48077962172849575,0.8920599649293326,-0.48077962172849575
-0.8897628830874841,0.4788508513614504,0.8897628830874843,-0.4788508513614504
-0.8874659052922426,0.47692344042675217,0.8874659052922428,-0.47692344042675217
-0.8851694079803261,0.4749976998157794,0.8851694079803263,-0.4749976998157794
-0.882873752244911,0.4730739269790772,0.8828737522449113,-0.4730739269790772
-0.8805792843807089,0.4711524064205768,0.8805792843807091,-0.4711524064205768
-0.8782863364102886,0.46923341017427056,0.8782863364102889,-0.46923341017427056
-0.8759952265922548,0.46731719826393575,0.875995226592255,-0.46731719826393575
-0.8737062599118738,0.46540401914648377,0.873706259911874,-0.46540401914648377
-0.8714197285547268,0.46349411013949304,0.871419728554727,-0.46349411013949304
-0.8691359123639503,0.4615876978334687,0.8691359123639505,-0.4615876978334687
-0.8668550792816095,0.4596849984893555,0.8668550792816098,-0.4596849984893555
-0.8645774857747356,0.4577862184218135,0.8645774857747358,-0.4577862184218135
-0.8623033772465388,0.45589155436875123,0.862303377246539,-0.45589155436875123
-0.8600329884333002,0.4540011938475951,0.8600329884333004,-0.4540011938475951
-0.8577665437874226,0.4521153154987586,0.8577665437874228,-0.4521153154987586
-0.8555042578471127,0.45023408941676035,0.8555042578471129,-0.45023408941676035
-0.8532463355931487,0.44835767746942484,0.8532463355931489,-0.44835767746942484
-0.8509929727931737,0.44648623360558676,0.8509929727931739,-0.44648623360558676
-0.8487443563339434,0.44461990415170427,0.8487443563339436,-0.44461990415170427
-0.8487429839977146,0.44275637380905847,0.8487429839977149,-0.44275637380905847
-0.8509862601855896,0.44089061569940974,0.8509862601855899,-0.44089061569940974
-0.8532291671395057,0.4390199945927878,0.8532291671395059,-0.4390199945927878
-0.8554716731728849,0.43714452098346757,0.8554716731728851,-0.43714452098346757
-0.8577137457820084,0.43526420614230527,0.8577137457820087,-0.43526420614230527
-0.8599553516310744,0.4333790621371863,0.8599553516310746,-0.4333790621371863
-0.862196456536993,0.43148910185394024,0.8621964565369932,-0.43148910185394024
-0.8644370254539145,0.4295943390177321,0.8644370254539148,-0.4295943390177321
-0.8666770224574878,0.4276947882149406,0.866677022457488,-0.4276947882149406
-0.868916410728843,0.4257904649155337,0.8689164107288432,-0.4257904649155337
-0.8711551525382965,0.4238813854959513,0.8711551525382967,-0.4238813854959513
-0.873393209228773,0.42196756726250695,0.8733932092287732,-0.42196756726250695
-0.8756305411989415,0.4200490284753184,0.8756305411989417,-0.4200490284753184
-0.8778671078860597,0.41812578837277836,0.8778671078860599,-0.41812578837277836
-0.880102867748525,0.4161978671965772,0.8801028677485252,-0.4161978671965772
-0.8823377782481254,0.4142652862172886,0.8823377782481256,-0.4142652862172886
-0.8845717958319891,0.4123280677605298,0.8845717958319893,-0.4123280677605298
-0.8868048759142259,0.4103862352337088,0.8868048759142261,-0.4103862352337088
-0.8890369728572586,0.40843981315336975,0.8890369728572588,-0.40843981315336975
-0.8912680399528392,0.4064888271731497,0.8912680399528394,-0.4064888271731497
-0.8934980294027459,0.40453330411235866,0.8934980294027461,-0.40453330411235866
-0.8957268922991575,0.40257327198519527,0.8957268922991577,-0.40257327198519527
-0.8979545786047,0.400608760030612,0.8979545786047002,-0.400608760030612
-0.9001810371321631,0.39863979874284183,0.9001810371321634,-0.39863979874284183
-0.9024062155238812,0.39666641990260015,0.9024062155238814,-0.39666641990260015
-0.9046300602307752,0.39468865660897545,0.9046300602307754,-0.39468865660897545
-0.9068525164910519,0.3927065433120222,0.9068525164910521,-0.3927065433120222
-0.9090735283085568,0.3907201158460697,0.909073528308557,-0.3907201158460697
-0.9112930384307757,0.38872941146376094,0.9112930384307759,-0.38872941146376094
-0.9135109883264828,0.3867344688708362,0.913510988326483,-0.3867344688708362
-0.9157273181630305,0.3847353282616748,0.9157273181630308,-0.3847353282616748
-0.9179419667832778,0.38273203135561057,0.917941966783278,-0.38273203135561057
-0.9201548716821529,0.38072462143403507,0.9201548716821532,-0.38072462143403507
-0.9223659689828487,0.37871314337830403,0.922365968982849,-0.37871314337830403
-0.9245751934126447,0.3766976437084617,0.9245751934126449,-0.3766976437084617
-0.9267824782783547,0.37467817062279857,0.9267824782783549,-0.37467817062279857
-0.9289877554413958,0.37265477403825825,0.928987755441396,-0.37265477403825825
-0.9311909552924759,0.3706275056317083,0.9311909552924761,-0.3706275056317083
-0.9333920067258971,0.36859641888209177,0.9333920067258973,-0.36859641888209177
-0.9355908371134717,0.36656156911347426,0.9355908371134719,-0.36656156911347426
-0.9377873722780486,0.36452301353900385,0.9377873722780489,-0.36452301353900385
-0.9399815364666475,0.3624808113057986,0.9399815364666477,-0.3624808113057986
-0.9421732523231984,0.3604350235407793,0.9421732523231986,-0.3604350235407793
-0.9443624408608846,0.35838571339746267,0.9443624408608848,-0.35838571339746267
-0.9465490214340874,0.35633294610373273,0.9465490214340876,-0.35633294610373273
-0.9487329117099297,0.35427678901060566,0.9487329117099299,-0.35427678901060566
-0.9509140276394191,0.3522173116420059,0.9509140276394193,-0.3522173116420059
-0.9530922834281872,0.35015458574556974,0.9530922834281874,-0.35015458574556974
-0.955267591506825,0.34808868534449283,0.9552675915068253,-0.34808868534449283
-0.9574398625008144,0.3460196867904396,0.9574398625008146,-0.3460196867904396
