step,Epot,Ekin,Etot
0,-0.0333375423030556,0.27152653928432635,0.23818899698127075
1,-0.04937399124855977,0.2555100594938893,0.2061360682453295
2,-0.0643691379433525,0.2405430860119891,0.1761739480686366
3,-0.07826877250752011,0.2266776735975669,0.14840890109004679
4,-0.0910219420388857,0.21396269360677692,0.12294075156789122
5,-0.1025813025974525,0.20244350887670454,0.09986220627925203
6,-0.11290345238611862,0.19216166644719052,0.07925821406107189
7,-0.12194924228312261,0.18315461155801543,0.061205369274892826
8,-0.12968406006233646,0.17545542619124738,0.04577136612891092
9,-0.13607808488195364,0.16909259520530284,0.033014510323349205
10,-0.1411065089285345,0.16408980283073688,0.022983293902202384
11,-0.14474972346640674,0.160465761971777,0.01571603850537026
12,-0.14699346695701937,0.15823407838720893,0.011240611430189562
13,-0.14782893337169373,0.15740315141559572,0.009574218043901989
14,-0.14725283931593658,0.1579761124701549,0.01072327315421831
15,-0.1452674491049334,0.15995080206592996,0.01468335296099657
16,-0.14188055746807604,0.16331978566479008,0.02143922819671404
17,-0.13710543010470058,0.16807040814127788,0.0309649780365773
18,-0.1309607028535894,0.17418488619354472,0.04322418333995531
19,-0.12347024076373907,0.1816404375576158,0.058170196793876736
20,-0.11466295885464745,0.19040944543871302,0.07574648658406558
21,-0.10457260682015877,0.20045965615847128,0.0958870493383125
22,-0.09323752035329878,0.21175440763895306,0.11851688728565428
23,-0.08070034214266301,0.22425288600979054,0.1435525438671275
24,-0.06700771590788179,0.23791040733883304,0.17090269143095124
25,-0.05220995709786877,0.2526787212534028,0.20046876415553402
26,-0.03636070406817091,0.26850633304142685,0.23214562897325594
27,-0.019516553680751836,0.2853388407007546,0.26582228702000277
28,-0.018225901068464074,0.28578614305433203,0.267560241985868
29,-0.034164076653852904,0.2698578546136965,0.2356937779598436
30,-0.049087763017787424,0.2549529406957531,0.20586517767796567
31,-0.06294350174646343,0.24112277450941239,0.17817927276294895
32,-0.07568095941912262,0.2284156703986436,0.152734710979521
33,-0.08725327159008368,0.21687656584504436,0.12962329425496066
34,-0.09761736913319469,0.20654672024187928,0.1089293511086846
35,-0.10673428322645817,0.19746343377037273,0.09072915054391456
36,-0.11456942541894456,0.18965978955635476,0.0750903641374102
37,-0.1210928394474032,0.18316442207909508,0.06207158263169188
38,-0.12627942175464169,0.17800131454652485,0.05172189279188316
39,-0.1301091080017945,0.17418962764548984,0.04408051964369533
40,-0.13256702325635017,0.17174356172682553,0.039176538470475364
41,-0.13364359397142994,0.17067225409862224,0.0370286601271923
42,-0.1333346203407792,0.1709797126837464,0.0376450923429672
43,-0.13164130811026298,0.1726647868569968,0.041023478746733816
44,-0.1285702594405168,0.17572117582131458,0.04715091638079777
45,-0.1241334229373796,0.18013747441975234,0.05600405148237274
46,-0.1183480034859115,0.1858972558191354,0.06754925233322391
47,-0.11123633303146394,0.19297919005116543,0.08174285701970149
48,-0.10282570393613487,0.20135719696548562,0.09853149302935076
49,-0.09314816699352431,0.21100063174481135,0.11785246475128704
50,-0.08224029659939744,0.22187450076178608,0.13963420416238864
51,-0.07014292594427896,0.23393970522702945,0.1637967792827505
52,-0.05690085540992725,0.2471533097931529,0.19025245438322563
53,-0.042562537610238385,0.2614688330444336,0.2189062954341952
54,-0.027179742715443038,0.27683655661926526,0.24965681390382222
55,-0.010807207834504177,0.29320384958408807,0.2823966417495839
56,0.006497725695599459,0.31051550460365,0.3170132302992495
57,-0.004819039980728202,0.3113894473078449,0.3065704073271167
58,-0.02034488223576734,0.2958644377574942,0.27551955552172686
59,-0.034870904611133346,0.2813483103700236,0.24647740575889027
60,-0.048345382615829435,0.26789080100356777,0.21954541838773833
61,-0.0607196712172436,0.2555386314597953,0.1948189602425517
62,-0.07194853514452743,0.24433520396880634,0.17238666882427892
63,-0.0819904617460228,0.23432031224902136,0.15232985050299858
64,-0.09080795285471668,0.22552987231686628,0.1347219194621496
65,-0.09836779227968417,0.21799567606882408,0.11962788378913991
66,-0.10464128576334164,0.2117451704555458,0.10710388469220417
67,-0.10960447052208157,0.20680126481642486,0.09719679429434329
68,-0.1132382918175437,0.20318216864672128,0.08994387682917758
69,-0.11552874438201352,0.20090126173248488,0.08537251735047136
70,-0.11646697693848428,0.1999669982166693,0.08350002127818502
71,-0.11604935850570654,0.20038284575936777,0.08433348725366123
72,-0.11427750565349547,0.20214726053317647,0.087869754879681
73,-0.11115827036427886,0.2052536983590149,0.09409542799473605
74,-0.1067036886540896,0.2096906618463686,0.10298697319227898
75,-0.1009308906007334,0.21544178296309097,0.11451089236235756
76,-0.09386197290885932,0.2224859400317596,0.12862396712290025
77,-0.08552383560207524,0.23079740773999563,0.1452735721379204
78,-0.07594798486282736,0.24034603836851098,0.16439805350568362
79,-0.06517030443359455,0.25109747208965627,0.1859271676560617
80,-0.05323079834097225,0.2630133738767705,0.20978257553579824
81,-0.040173308002662195,0.27605169429559084,0.23587838629292865
82,-0.02604520702088253,0.2901669512271773,0.26412174420629475
83,-0.010897077152267853,0.3053105293999345,0.2944134522476667
84,0.005217630928407237,0.3214309944878775,0.3266486254162847
85,0.022242948385069836,0.3384744184636218,0.36071736684869166
86,0.04012074680223419,0.3563847128769131,0.3965054596791473
87,0.036690029832510226,0.3579617014062764,0.39465173123878666
88,0.022006236631786955,0.3432524686362263,0.3652587052680133
89,0.008264400373337501,0.3294952634464162,0.3377596638197537
90,-0.004487655558548707,0.31673616329642273,0.31224850773787405
91,-0.01620495157308498,0.30501845760899193,0.28881350603590694
92,-0.026845649541904788,0.29438237187817085,0.2675367223362661
93,-0.03637133471067246,0.2848648067692042,0.24849347205853178
94,-0.044747278741488594,0.27649909500216285,0.23175181626067426
95,-0.05194268091872734,0.2693147786767365,0.21737209775800914
96,-0.05793088474537946,0.2633374095177424,0.20540652477236296
97,-0.0626895673986734,0.258588374301598,0.19589880690292458
98,-0.06620089980014499,0.2550847474661548,0.1888838476660098
99,-0.06845167538140941,0.25283917261372024,0.18438749723231085
100,-0.06943340598784366,0.2518597742944387,0.18242636830659503
101,-0.06914238375175191,0.2521501011098743,0.18300771735812238
102,-0.06757970817754963,0.2537091008106574,0.18612939263310777
103,-0.06475127810651933,0.25653112768391356,0.19177984957739425
104,-0.06066774865973677,0.2606059821426977,0.19993823348296091
105,-0.05534445368730457,0.2659189820477532,0.21057452836044865
106,-0.04880129467138706,0.27245106491849974,0.2236497702471127
107,-0.04106259743262973,0.2801789198319238,0.23911632239929403
108,-0.032156938366656854,0.28907514747127927,0.25691820910462243
109,-0.02211694228314864,0.29910844647698287,0.2769915041938342
110,-0.010979054228591164,0.3102438239748565,0.2992647697462653
111,0.0012167120600118549,0.3224428279162318,0.32365953997624364
112,0.01442704620244991,0.33566379866375584,0.35009084486620573
113,0.02860563068397902,0.34986213709850245,0.3784677677824815
114,0.04370344466421555,0.3649905864096487,0.40869403107386426
115,0.05966907885416112,0.3809995246580312,0.44066860351219234
116,0.0764490582085152,0.39783726517890794,0.47428632338742316
117,0.09398816920806995,0.41545036190585805,0.509438531113928
118,0.10763949581963507,0.41800137017375133,0.5256408659933864
119,0.09523849048688263,0.40553895309612353,0.5007774435830061
120,0.08370058834401306,0.3939502622146558,0.47765085055866885
121,0.07306443617874246,0.38327265750612716,0.45633709368486963
122,0.06336608658193346,0.3735409568775194,0.43690704345945286
123,0.05463876882023817,0.36478722313895606,0.4194259919591942
124,0.04691267429555489,0.35704056479636015,0.40395323909191505
125,0.040214758868748895,0.35032695271312964,0.39054171158187856
126,0.034568564185711796,0.3446690545616975,0.3792376187474093
127,0.029994059969888236,0.34008608882726654,0.3700801487971548
128,0.026507509039153686,0.3365936999391864,0.3631012089783401
129,0.024121356569321878,0.334203855892939,0.3583252124622609
130,0.02284414486496482,0.3329247694906656,0.3557689143556304
131,0.022680454615065196,0.3327608440742721,0.35544129868933727
132,0.023630873310856282,0.33371264435649606,0.35734351766735234
133,0.0256919911911637,0.33577689267639516,0.3614688838675589
134,0.02885642476229071,0.33894649072121735,0.3678029154835081
135,0.033112867620113555,0.34321056647140286,0.3763234340915164
136,0.03844616798775776,0.3485545458444058,0.38700071383216356
137,0.04483743207796777,0.35496024824087824,0.399797680318846
138,0.05226415210058051,0.36240600493808534,0.41467015703866583
139,0.060700357467211766,0.3708667990344397,0.43156715650165145
140,0.07011678750153612,0.3803144254295752,0.4504312129311113
141,0.08048108374839048,0.39071766912972383,0.4711987528781143
142,0.09175799979120809,0.40204250000105196,0.49380049979226004
143,0.10390962633766984,0.41425228195616903,0.5181619082938389
144,0.11689562921905801,0.4273079944526974,0.5442036236717555
145,0.13067349787106192,0.44116846410838606,0.5718419619794479
146,0.145198801822281,0.45579060419488915,0.6009894060171701
147,0.160425452710812,0.47112965976151516,0.6315551124723271
148,0.17630596937792448,0.4871394561598737,0.6634454255377982
149,0.19279174364881263,0.5037726487887754,0.6965643924375879
150,0.19970476275845994,0.5073636571299431,0.7070684198884031
151,0.19042257169436477,0.49799370157482936,0.6884162732691941
152,0.1819074334418323,0.48940185517900225,0.6713092886208345
153,0.17418644346563328,0.4816144316974479,0.6558008751630812
154,0.1672844023669519,0.47465549744829294,0.6419398998152448
155,0.16122366667255134,0.4685467319954667,0.6297703986680181
156,0.1560240126790025,0.46330730114723817,0.6193313138262406
157,0.1517025147227336,0.4589537435089944,0.6106562582317281
158,0.14827343911876312,0.4554998717117328,0.6037733108304959
159,0.14574815486381615,0.4529566893041193,0.5987048441679355
160,0.14413506203565468,0.45133232414741187,0.5954673861830666
161,0.14343953864163111,0.45063197899114915,0.5940715176327802
162,0.1436639064788362,0.4508578997356252,0.5945218062144614
163,0.14480741636867456,0.4520093617074203,0.5968167780760949
164,0.1468662529229905,0.4540826740893962,0.6009489270123867
165,0.14983355879104376,0.4570712024594926,0.6069047612505364
166,0.15369947812935492,0.4609654092062981,0.614664887335653
167,0.15845121883328106,0.46575291140664704,0.6242041302399282
168,0.16407313287376912,0.4714185555742453,0.6354916884480144
169,0.17054681389728782,0.4779445085212474,0.6484913224185352
170,0.1778512110752849,0.4853103634192937,0.6631615744945786
171,0.1859627580333687,0.4934932600050025,0.6794560180383712
172,0.19485551555255687,0.5024680177492529,0.6973235333018097
173,0.2045013266167277,0.5122072807013786,0.7167086073181063
174,0.2148699822836852,0.5226816726298893,0.7375516549135746
175,0.22592939678240953,0.533859961011395,0.7597893577938045
176,0.23764579018727333,0.545709228369521,0.7833550185567943
177,0.24998387699060276,0.5581950494358703,0.808178926426473
178,0.26290705888810917,0.5712816725952424,0.8341887314833516
179,0.27637762010665584,0.5849322040867402,0.8613098241933961
180,0.2903569236387361,0.5991087934601529,0.889465717098889
181,0.3048056068026053,0.6137728188318814,0.9185784256344867
182,0.3196837746182912,0.6288850705451952,0.9485688451634864
183,0.334951189576877,0.6444059319141313,0.9793571214910083
184,0.3375193285529453,0.6491868032717654,0.9867061318247107
185,0.3317715841314829,0.6433413104782946,0.9751128946097775
186,0.3266340856109763,0.6381180727816698,0.964752158392646
187,0.3221217827809011,0.6335317270831009,0.955653509864002
188,0.31824789043092594,0.6295952046649216,0.9478430950958475
189,0.315023816461143,0.6263196635329331,0.9413434799940761
190,0.31245909932303373,0.6237144295785297,0.9361735289015635
191,0.31056135536008594,0.6217869470785835,0.9323483024386694
192,0.3093362365310856,0.6205427389726027,0.9298789755036883
193,0.3087873989066409,0.6199853772723034,0.9287727761789444
194,0.30891648223155793,0.6201164638695319,0.9290329461010898
195,0.3097231007435239,0.6209356219156572,0.9306587226591811
196,0.3112048453339256,0.6224404978503566,0.9336453431842822
197,0.3133572970305673,0.6246267740614443,0.9379840710920115
198,0.31617405167641893,0.6274881920613822,0.943662243737801
199,0.31964675557465666,0.6310165859716654,0.9506633415463221
200,0.32376515176952675,0.6352019260146873,0.9589670777842141
201,0.32851713653653425,0.6400323716251943,0.9685495081617286
202,0.33388882556542365,0.6454943337111892,0.9793831592766129
203,0.33986462923628014,0.6515725455181849,0.991437174754465
204,0.3464273363143753,0.6582501414819929,1.0046774777963683
205,0.35355820532344084,0.6655087433945384,1.0190669487179793
206,0.361237062801178,0.6733285531551866,1.0345656159563645
207,0.36944240759499997,0.6816884513372454,1.0511308589322454
208,0.37815152032097643,0.6905661007659986,1.068717621086975
209,0.3873405770848798,0.6999380542810061,1.0872786313658858
210,0.3969847665506568,0.7097798658414946,1.1067646323921514
211,0.4070584094391891,0.7200662041293058,1.127124613568495
212,0.41753507954759445,0.7307709678087875,1.148306047356382
213,0.42838772539679054,0.7418674016167818,1.1702551270135724
214,0.4395887916415283,0.7533282124779443,1.1929170041194728
215,0.451110339412025,0.765125684870365,1.21623602428239
216,0.46292416479874404,0.7772317947031302,1.2401559595018743
217,0.47500191474097164,0.789618321010257,1.2646202357512286
218,0.48731519963448977,0.8022569548134957,1.2895721544479855
219,0.4998357020329939,0.8151194045589383,1.314955106591932
220,0.5125352808807607,0.8281774975883069,1.3407127784690678
221,0.5253860707796135,0.8414032771643065,1.3667893479439202
222,0.5383605758602278,0.8547690946296529,1.3931296704898806
223,0.5392872868519621,0.8604800126381085,1.3997672994900707
224,0.5375331029459629,0.8586720955411556,1.3962051984871184
225,0.5361646989553255,0.8572619406875464,1.3934266396428718
226,0.5351854605499031,0.85625291385568,1.3914383744055832
227,0.5345978154153831,0.8556474280498566,1.3902452434652397
228,0.5344032223692573,0.8554469330981275,1.3898501554673848
229,0.5346021648076705,0.8556519093902546,1.3902540741979252
230,0.5351941485318213,0.8562618658008438,1.391456014332665
231,0.5361777039701112,0.857275341812614,1.3934530457827252
232,0.5375503927795278,0.8586899138245049,1.3962403066040325
233,0.5393088187771253,0.8605022055992294,1.3998110243763549
234,0.5414486431205587,0.8627079027752751,1.4041565458958338
235,0.5439646036255249,0.8653017713395728,1.4092663749650978
236,0.5468505380780512,0.8682776799293938,1.415128218007445
237,0.5500994113714427,0.8716286258057846,1.4217280371772274
238,0.5537033462711571,0.8753467643162869,1.429050110587444
239,0.5576536575867256,0.8794234416420547,1.4370770992287802
240,0.561940889507874,0.8838492306039833,1.4457901201118575
241,0.5665548558427403,0.8886139692843045,1.455168825127045
242,0.5714846828794584,0.8937068022044001,1.4651914850838585
243,0.5767188545786746,0.8991162237865002,1.4758350783651748
244,0.5822452597938287,0.9048301238164935,1.487075383610322
245,0.588051241208147,0.9108358346173685,1.4988870758255155
246,0.5941236456726067,0.9171201796378107,1.5112438253104172
247,0.6004488756271505,0.9236695231581792,1.5241183987853297
248,0.6070129412885724,0.9304698208164224,1.537482762104995
249,0.613801513292156,0.9375066706593692,1.5513081839515253
250,0.6207999754806851,0.9447653644301295,1.5655653399108145
251,0.6279934775431919,0.9522309388099128,1.5802244163531047
252,0.6353669872170841,0.9598882263422647,1.5952552135593487
253,0.6429053417803386,0.967721905779326,1.6106272475596648
254,0.650593298575633,0.9757165516030561,1.6263098501786892
255,0.6584155843247487,0.9838566824892045,1.6422722668139533
256,0.6663569430096644,0.9921268084979514,1.6584837515076158
257,0.6744021821157102,1.0005114767923373,1.6749136589080476
258,0.6825362170520748,1.0089953157036422,1.691531532755717
259,0.6907441135854491,1.0175630769815345,1.7083071905669835
260,0.699011128143384,1.02619967608587,1.725210804229254
261,0.7073227458648876,1.0348902303962708,1.7422129762611585
262,0.7156647162966967,1.0436200952348549,1.7592848115315516
263,0.7240230866541326,1.0523748976165364,1.776397984270669
264,0.7323842325855792,1.0611405676600012,1.7935248002455804
265,0.7407348863990358,1.0699033676106149,1.8106382540096506
266,0.7490621627277773,1.078649918444017,1.8277120811717942
267,0.75735358162992,1.0873672240358756,1.8447208056657955
268,0.7655970891332622,1.0960426928990712,1.8616397820323334
269,0.7737810752523572,1.1046641575044434,1.8784452327568006
270,0.7818943895191044,1.113219891215006,1.8951142807341104
271,0.7899263540811612,1.1216986228762227,1.9116249769573839
272,0.7978667744344039,1.1300895491164908,1.9279563235508947
273,0.8057059478660401,1.1383823444223495,1.9440882922883898
274,0.8134346696942844,1.1465671690621462,1.9600018387564306
275,0.8150264752158568,1.151400849701055,1.966427324916912
276,0.8165339713515696,1.1529986449625342,1.9695326163141038
277,0.8181498230734809,1.1547116743359744,1.9728614974094554
278,0.8198712038929556,1.1565370238910004,1.976408227783956
279,0.8216951187806792,1.158471604306193,1.9801667230868722
280,0.8236184124526539,1.1605121591059193,1.9841305715585733
281,0.8256377780162554,1.1626552732620778,1.9882930512783332
282,0.8277497659388531,1.1648973821246023,1.9926471480634553
283,0.8299507933007105,1.1672347806437011,1.9971855739444115
284,0.832237153293185,1.1696636328461707,2.001900786139356
285,0.8346050249229581,1.172179981527705,2.006785006450663
286,0.837050482882829,1.1747797581229296,2.0118302410057587
287,0.8395695075497073,1.1774587927149014,2.0170283002646086
288,0.8421579950707626,1.1802128241460634,2.022370819216826
289,0.8448117674991793,1.1830375101930595,2.0278492776922388
290,0.8475265829417205,1.1859284377684531,2.0334550207101736
291,0.8502981456812153,1.1888811331132156,2.039179278794431
292,0.8531221162381504,1.19189107194482,2.0450131881829705
293,0.8559941213368718,1.1949536895269304,2.050947810863802
294,0.8589097637432499,1.1980643906279886,2.0569741543712388
295,0.8618646319422743,1.20121855933741,2.0630831912796843
296,0.8648543096256781,1.2044115687096608,2.069265878335339
297,0.8678743849615047,1.2076387902081502,2.0755131751696547
298,0.870920459619384,1.210895602922621,2.0818160625420052
299,0.873988157527238,1.2141774025355347,2.0881655600627727
300,0.8770731333371454,1.2174796100148515,2.094552743351997
301,0.8801710805801474,1.2207976800125269,2.100968760592674
302,0.8832777394918357,1.2241271089500205,2.107404848441856
303,0.8863889044926823,1.2274634427740931,2.1138523472667754
304,0.889500431309131,1.2308022843681652,2.1203027156772962
305,0.8926082437235671,1.2341393006064865,2.1267475443300534
306,0.8957083399433163,1.2374702290403417,2.133178568983658
307,0.898796798580841,1.2407908842074375,2.1395876827882785
308,0.9018697842392545,1.2440971635575224,2.1459669477967767
309,0.9049235526991809,1.2473850529891293,2.1523086056883103
310,0.907954455704812,1.2506506319941093,2.1586050876989216
311,0.9109589453487728,1.2538900784083524,2.1648490237571254
312,0.9139335780570864,1.2570996727687211,2.1710332508258077
313,0.9168750181770923,1.2602758022778002,2.1771508204548926
314,0.9197800411726863,1.263414964379529,2.183195005552215
315,0.9226455364326246,1.2665137699501834,2.189159306382808
316,0.9254685096989382,1.2695689461104698,2.195037455809408
317,0.9282460851236815,1.2725773386656867,2.2008234237893682
318,0.9309755069633345,1.2755359141820326,2.2065114211453674
319,0.9336541409211596,1.2784417617081292,2.212095902629289
320,0.9362794751486795,1.28129209415176,2.2175715693004396
321,0.9388491209182335,1.2840842493226212,2.2229333702408547
322,0.9413608129792355,1.286815690652621,2.2281765036318566
323,0.9438124096113358,1.2894840076058718,2.2332964172172076
324,0.9462018923881652,1.2920869157910768,2.238288808179242
325,0.9485273656657346,1.294622256789433,2.2431496224551677
326,0.9507870558098609,1.297087997711557,2.247875053521418
327,0.9529793101772005,1.2994822304972133,2.252461540674414
328,0.9551025958646142,1.3018031709718103,2.2569057668364243
329,0.9571554982416355,1.3040491576737867,2.261204655915422
330,0.9591367192808198,1.3062186504670348,2.2653553697478546
331,0.9610450757006537,1.3083102289525241,2.269355304653178
332,0.9628794969355824,1.3103225906932032,2.2732020876287855
333,0.964639022947506,1.3122545492661404,2.2768935722136465
334,0.9663228018928525,1.3141050321556762,2.2804278340485284
335,0.967930087659047,1.315873078501144,2.283803166160191
336,0.9694602372838534,1.3175578367124365,2.2870180739962898
337,0.9709127082707008,1.3191585619663866,2.290071270237087
338,0.9722870558126961,1.3206746135966032,2.2929616694092996
339,0.9735829299376018,1.3221054523890066,2.2956883823266083
340,0.9748000725855903,1.3234506377949224,2.298250710380513
341,0.9759383146311241,1.324709825073171,2.300648139704295
342,0.9769975728598073,1.325882762372139,2.3028803352319462
343,0.9779778469105632,1.3269692877623736,2.3049471346729367
344,0.978879216192972,1.3279693262297667,2.3068485424227387
345,0.9797018367890877,1.3288828866389182,2.308584723428006
346,0.9804459383485383,1.32971005867579,2.3101559970243284
347,0.9811118209851857,1.3304510097782691,2.311562830763455
348,0.9816998521831108,1.3311059820627849,2.3128058342458955
349,0.9822104637191769,1.3316752892546222,2.313885752973799
350,0.9826441486089132,1.3321593136291132,2.3148034622380265
351,0.9830014580819766,1.3325585029703935,2.31555996105237
352,0.9832829985929492,1.3328733675539643,2.3161563661469136
353,0.9834894288727689,1.3331044771588256,2.3165939060315948
354,0.9836214570256222,1.3332524581145035,2.3168739151401256
355,0.9836798376756857,1.3333179903878667,2.3169978280635526
356,0.9836653691676703,1.3333018047141945,2.316967173881865
357,0.9835788908247107,1.3332046797765498,2.3167835706012605
358,0.9834212802667418,1.3330274394371222,2.316448719703864
359,0.9831934507921226,1.3327709500238214,2.315964400815944
360,0.9828963488249085,1.3324361176750334,2.315332466499942
361,0.982530951429822,1.3320238857451097,2.314554837174932
362,0.9820982638966493,1.3315352322728216,2.313633496169471
363,0.9815993173954721,1.3309711675146967,2.312570484910169
364,0.9810351667038621,1.3303327315448543,2.3113678982487165
365,0.9804068880068774,1.329620991922671,2.310027879929548
366,0.9797155767704541,1.3288370414293351,2.3085526181997893
367,0.9789623456885385,1.3279819958741081,2.3069443415626467
368,0.9781483227040785,1.3270569919708592,2.3052053146749376
369,0.9772746491037931,1.3260631852852254,2.3033378343890183
370,0.976342477686437,1.325001748252544,2.301344225938981
371,0.9753529710041047,1.3238738682665072,2.299226839270612
372,0.9743072996759524,1.3226807458383112,2.2969880455142637
373,0.9732066407735733,1.3214235928259153,2.294630233599489
374,0.9720521762771159,1.3201036307328604,2.2921558070099763
375,0.9708450916011215,1.3187220890759739,2.2895671806770954
376,0.9695865741889458,1.3172802038211517,2.2868667780100975
377,0.9682778121745252,1.3157792158862969,2.284057028060822
378,0.9669199931101711,1.3142203697103896,2.281140362820561
379,0.9655143027589874,1.3126049118875756,2.278119214646563
380,0.9640619239504506,1.3109340898650692,2.27499601381552
381,0.9625640354976299,1.309209150703602,2.271773186201232
382,0.9610218111744727,1.3074313398990804,2.2684531510735533
383,0.9594364187515557,1.305601900264063,2.265038319015619
384,0.957809019088644,1.3037220708676185,2.2615310899562626
385,0.9561407652824091,1.301793086032086,2.2579338513144953
386,0.9544328018676043,1.299816174385233,2.2542489762528373
387,0.9526862640700149,1.297792557966269,2.2504788220362837
388,0.950902277109471,1.2957234513841671,2.246625728493638
389,0.9490819555512238,1.29361006102672,2.242692016577944
390,0.9472264027039872,1.291453584318757,2.238679987022744
391,0.9453367100629495,1.289255209027941,2.2345919190908905
392,0.9434139567960858,1.2870161126165665,2.230430069412652
393,0.9414592092720995,1.2847374616377856,2.226196670909885
394,0.939473520628363,1.2824204111746937,2.2218939318030566
395,0.937457930377228,1.28006610432073,2.217524034697958
396,0.9354134640491205,1.2776756716998494,2.21308913574897
397,0.9333411328708504,1.275250231024952,2.2085913638958026
398,0.9312419334776018,1.272790886693072,2.204032820170674
399,0.9291168476571011,1.270298729415851,2.199415577072952
400,0.9269668421244889,1.2677748358838519,2.1947416780083406
401,0.9247928683264649,1.2652202684632887,2.1900131367897537
402,0.9225958622732986,1.262636074923779,2.1852319371970776
403,0.92037674439735,1.2600232881957625,2.1804000325931123
404,0.9181364194367657,1.2573829261562484,2.175519345593014
405,0.9158757763430672,1.2547159914415962,2.1705917677846633
406,0.9135956882113806,1.2520234712860632,2.1656191594974437
407,0.9112970122320925,1.2493063373848852,2.1606033496169776
408,0.9089805896627604,1.2465655457806926,2.155546135443453
409,0.9066472458191484,1.243802036772099,2.1504492825912473
410,0.9042977900842767,1.24101673484333,2.1453145249276067
411,0.9019330159344467,1.2382105486137993,2.140143564548246
412,0.8995537009812054,1.235384370806572,2.1349380717877775
413,0.8971606070282752,1.2325390782346857,2.1296996852629606
414,0.894754480142496,1.2296755318043433,2.1244300119468393
415,0.8923360507378808,1.2267945765340176,2.1191306272718986
416,0.8899060336718998,1.223897041588541,2.113803075260441
417,0.8874651283531619,1.2209837403272954,2.1084488686804574
418,0.885014018859688,1.2180554703656428,2.103069489225331
419,0.8825533740670061,1.2151130136487664,2.0976663877157726
420,0.8800838477853281,1.21215713653714,2.0922409843224683
421,0.8776060789051111,1.209188589902851,2.086794668807962
422,0.8751206915503199,1.2062081092360546,2.0813288007863746
423,0.8726282952387555,1.2032164147608535,2.075844709999609
424,0.870129485048834,1.20021421155993,2.070343696608764
425,0.8676248417922282,1.1972021897072904,2.0648270314995187
426,0.8651149321918226,1.1941810244085012,2.059295956600324
427,0.8626003090644464,1.1911513761478283,2.0537516852122746
428,0.8600815115078821,1.1881138908417226,2.048195402349605
429,0.8575590650916777,1.1850691999981047,2.0426282650897822
430,0.8550334820513021,1.1820179208809465,2.0370514029322484
431,0.8525052614852195,1.1789606566796533,2.031465918164873
432,0.8499748895544756,1.1758979966827876,2.0258728862372632
433,0.8474428396844074,1.1728305164556865,2.020273356140094
434,0.8449095727681178,1.1697587780215575,2.0146683507896754
435,0.8423755373713752,1.1666833300456505,2.0090588674170258
436,0.8398411699386,1.1636047080221263,2.0034458779607265
437,0.8373068949996563,1.1605234344632644,1.9978303294629207
438,0.8347731253771408,1.157440019090668,1.9922131444678088
439,0.832240262393915,1.1543549590281437,1.9865952214220588
440,0.829708696080622,1.1512687389959537,1.9809774350765759
441,0.827178805382951,1.1481818315061503,1.9753606368891012
442,0.8246509583684332,1.1450946970587195,1.9697456554271526
443,0.8221255124325553,1.1420077843382848,1.96413329677084
444,0.8196028145040065,1.1389215304111224,1.958524344915129
445,0.8170832012488726,1.1358363609222655,1.9529195621711382
446,0.8145669992736134,1.1327526902924836,1.947319689566097
447,0.8120545253266713,1.1296709219149383,1.9417254472416097
448,0.8095460864985622,1.126591448351328,1.9361375348498902
449,0.8070419804203253,1.1235146515273444,1.9305566319476697
450,0.8045424954601976,1.1204409029272826,1.9249833983874802
451,0.802047910918418,1.1173705637876474,1.9194184747060654
452,0.7995584972200431,1.114303985289618,1.913862482509661
453,0.797074516105691,1.1112415087502345,1.9083160248559254
454,0.794596220820127,1.1081834658121907,1.902779686632318
455,0.7921238562986099,1.1051301786321135,1.8972540349307234
456,0.7896576593509365,1.1020819600672325,1.891739619418169
457,0.7871978588431191,1.0990391138603324,1.8862369727034514
458,0.7847446758766372,1.096001934822913,1.8807466106995503
459,0.7822983239652256,1.092970709016469,1.8752690329816946
460,0.779859009209144,1.0899457139318138,1.8698047231409578
461,0.7774269304669019,1.0869272186663888,1.8643541491332907
462,0.7750022795243983,1.08391548409949,1.8589177636238883
463,0.7725852412614599,1.0809107630653632,1.8534960043268232
464,0.7701759938157483,1.077913300524115,1.8480892943398635
465,0.7677747087440225,1.074923333730402,1.8426980424744246
466,0.7653815511807464,1.0719410923998522,1.8373226435805985
467,0.7629966799940275,1.0689667988731955,1.831963478867223
468,0.7606202479388882,1.0660006682780667,1.8266209162169549
469,0.7582524018078616,1.0630429086884607,1.8212953104963223
470,0.7558932825789193,1.0600937212818224,1.8159870038607417
471,0.7535430255607344,1.0571533004937463,1.8106963260544808
472,0.7512017605352842,1.0542218341702863,1.8054235947055703
473,0.748869611897808,1.0512995037178534,1.8001691156156614
474,0.7465466987941293,1.0483864842507054,1.7949331830448347
475,0.7442331352553581,1.0454829447360214,1.7897160799913796
476,0.741929030329993,1.0425890481365603,1.7845180784665533
477,0.7396344882134367,1.0397049515509083,1.779339439764345
478,0.7373496083749526,1.0368308063513185,1.774180414726271
479,0.7350744856820758,1.0339667583191516,1.7690412440012273
480,0.7328092105225151,1.0311129477779255,1.7639221583004407
481,0.7305538689235597,1.028269509723986,1.7588233786475458
482,0.7283085426690222,1.0254365739548128,1.753745116623835
483,0.7260733094137453,1.0226142651949734,1.7486875746087187
484,0.7238482427957016,1.0198027032197432,1.7436509460154448
485,0.7216334125457142,1.0170020029764117,1.738635415522126
486,0.7194288845948286,1.0142122747032885,1.733641159298117
487,0.7172347211793698,1.0114336240464359,1.7286683452258056
488,0.7150509809437131,1.008666152174146,1.7237171331178591
489,0.7128777190408057,1.005909955889187,1.7187876749299926
490,0.710714987230459,1.0031651277388414,1.7138801149693004
491,0.7085628339754693,1.0004317561227603,1.7089945900982295
492,0.7064213045355698,0.9977099253986605,1.7041312299342304
493,0.7042904410592766,0.994999715985891,1.6992901570451675
494,0.7021702826736402,0.9923012044668912,1.6944714871405315
495,0.7000608655719501,0.9896144636865736,1.6896753292585238
496,0.6979622230994245,0.9869395628496566,1.684901785949081
497,0.6958743858369126,0.9842765676159722,1.680150953452885
498,0.6937973816826538,0.9816255401937826,1.6754229218764363
499,0.6917312359321205,0.9789865394311319,1.6707177753632525
500,0.6896759713559826,0.9763596209052593,1.6660355922612418
501,0.6876316082762265,0.9737448370101078,1.6613764452863342
502,0.6855981646404634,0.9711422370419553,1.6567404016824188
503,0.6835756560944595,0.9685518672831963,1.6521275233776558
504,0.6815640960529237,0.9659737710843068,1.6475378671372305
505,0.6795634957685835,0.9634079889440199,1.6429714847126036
506,0.6775738643995857,0.9608545585877413,1.638428422987327
507,0.6755952090752492,0.9583135150442367,1.6339087241194858
508,0.6736275349602127,0.9557848907206183,1.629412425680831
509,0.6716708453169962,0.9532687154756603,1.6249395607926564
510,0.6697251415670189,0.9507650166914725,1.6204901582584914
511,0.6677904233500986,0.9482738193435636,1.6160642426936622
512,0.6658666885824723,0.9457951460693184,1.6116618346517906
513,0.6639539335133546,0.9433290172349224,1.607282950748277
514,0.6620521527800797,0.9408754510007598,1.6029276037808393
515,0.6601613394618457,0.9384344633853132,1.598595802847159
516,0.6582814851320989,0.9360060683275941,1.5942875534596932
517,0.656412579909582,0.9335902777481331,1.5900028576577152
518,0.6545546125080758,0.9311871016085531,1.585741714116629
519,0.6527075702848656,0.9287965479697582,1.5815041182546237
520,0.6508714392879574,0.9264186230487617,1.577290062336719
521,0.6490462043020748,0.9240533312741805,1.5730995355762554
522,0.6472318488934564,0.9217006753404244,1.568932524233881
523,0.6454283554534911,0.9193606562606026,1.5647890117140937
524,0.6436357052412085,0.9170332734181765,1.560668978659385
525,0.6418538784246552,0.914718524617383,1.5565724030420383
526,0.6400828541211777,0.9124164061324527,1.5524992602536303
527,0.6383226104366436,0.9101269127556488,1.5484495231922923
528,0.6365731245036199,0.9078500378441496,1.5444231623477696
529,0.6348343725185334,0.9055857733658015,1.540420145884335
530,0.6331063297778378,0.9033341099437615,1.5364404397215994
531,0.6313889707132128,0.9010950369000579,1.5324840076132706
532,0.6296822689258117,0.8988685422980867,1.5285508112238984
533,0.6279861972195878,0.8966546129840722,1.52464081020366
534,0.6263007276337128,0.8944532346275074,1.52075396226122
535,0.6246258314741161,0.8922643917606015,1.5168902232347174
536,0.6229614793441627,0.8900880678167534,1.5130495471609162
537,0.6213076411744893,0.8879242451680727,1.509231886342562
538,0.6196642862520209,0.8857729051619683,1.5054371914139892
539,0.6180313832481865,0.8836340281568278,1.5016654114050143
540,0.6164089002463536,0.8815075935568029,1.4979164938031566
541,0.6147968047684992,0.8793935798457251,1.4941903846142242
542,0.6131950638011405,0.8772919646201687,1.4904870284213092
543,0.6116036438205363,0.8752027246216809,1.4868063684422173
544,0.6100225108171808,0.8731258357681952,1.483148346585376
545,0.6084516303196109,0.8710612731846521,1.4795129035042631
546,0.6068909674175359,0.869009011232837,1.4758999786503728
547,0.6053404867843131,0.866969023540461,1.472309510324774
548,0.6038001526987806,0.8649412830294951,1.4687414357282758
549,0.6022699290664695,0.8629257619437805,1.46519569101025
550,0.6007497794402044,0.8609224318759257,1.46167221131613
551,0.5992396670401101,0.8589312637935125,1.4581709308336226
552,0.5977395547730433,0.8569522280646225,1.4546917828376658
553,0.5962494052514552,0.8549852944827017,1.4512346997341568
554,0.594769180811709,0.853030432290778,1.447799613102487
555,0.5932988435318596,0.8510876102050469,1.4443864537369064
556,0.5918383552489112,0.8491567964378404,1.4409951516867516
557,0.5903876775755659,0.8472379587199914,1.4376256362955573
558,0.5889467719164765,0.8453310643226117,1.4342778362390882
559,0.5875155994840188,0.843436080078293,1.4309516795623116
560,0.5860941213135893,0.8415529724017474,1.4276470937153367
561,0.5846822982784466,0.8396817073098997,1.4243640055883464
562,0.583280091104106,0.8378222504414443,1.4211023415455504
563,0.5818874603822983,0.8359745670758794,1.4178620274581777
564,0.5805043665845064,0.834138622152031,1.4146429887365375
565,0.5791307700750871,0.8323143802860803,1.4114451503611674
566,0.5777666311239917,0.8305018057891027,1.4082684369130944
567,0.5764119099190982,0.8287008626841341,1.4051127726032324
568,0.5750665665781549,0.8269115147227737,1.4019780813009286
569,0.573730561160362,0.8251337254013353,1.3988642865616974
570,0.5724038536775844,0.8233674579765557,1.3957713116541401
571,0.5710864041052188,0.8216126754808761,1.392699079586095
572,0.5697781723927119,0.8198693407373003,1.3896475131300123
573,0.5684791184737503,0.8181374163738451,1.3866165348475954
574,0.5671892022761255,0.8164168648375905,1.3836060671137158
575,0.5659083837312795,0.8147076484083393,1.3806160321396188
576,0.5646366227835472,0.8130097292118978,1.3776463519954452
577,0.5633738793990973,0.8113230692329829,1.3746969486320801
578,0.5621201135745827,0.8096476303277698,1.3717677439023523
579,0.560875285345507,0.8079833742360842,1.3688586595815913
580,0.5596393547943181,0.8063302625932525,1.3659696173875706
581,0.5584122820582308,0.8046882569416134,1.363100538999844
582,0.5571940273367881,0.8030573187417045,1.3602513460784926
583,0.5559845508991723,0.8014374093831269,1.3574219602822992
584,0.5547838130912666,0.7998284901951018,1.3546123032863684
585,0.5535917743424763,0.7982305224567177,1.351822296799194
586,0.5524083951723201,0.796643467406888,1.349051862579208
587,0.5512336361967894,0.7950672862540147,1.346300922450804
588,0.5500674581344899,0.7935019401853738,1.3435693983198638
589,0.5489098218125686,0.7919473903762233,1.340857212188792
590,0.5477606881724313,0.7904035979986472,1.3381642861710785
591,0.5491118701506371,0.7919762689859291,1.3410881391365663
592,0.5526133975102038,0.7966759536123882,1.349289351122592
593,0.556143255160652,0.8014075103433436,1.3575507655039956
594,0.5597015823055892,0.80617100785772,1.3658725901633093
595,0.5632885127116778,0.8109665063104862,1.374255019022164
596,0.5669041743459361,0.8157940568803193,1.3826982312262555
597,0.5705486889961677,0.820653701298286,1.3912023902944537
598,0.5742221718738004,0.8255454713567978,1.3997676432305983
599,0.5779247311983841,0.8304693883980603,1.4083941195964442
600,0.5816564677629645,0.8354254627812219,1.4170819305441864
601,0.5854174744795291,0.8404136933273847,1.4258311678069138
602,0.5892078359036674,0.8454340667416189,1.4346419026452863
603,0.5930276277375842,0.8504865570110842,1.4435141847486683
604,0.5968769163105386,0.8555711247783386,1.4524480410888772
605,0.6007557580357725,0.860687716688872,1.4614434747246445
606,0.6046641988429309,0.8658362647118746,1.4705004635548056
607,0.6086022735849645,0.8710166854332138,1.4796189590181783
608,0.6125700054184339,0.8762288793195581,1.4887988847379918
609,0.6165674051561286,0.8814727299525466,1.4980401351086752
610,0.62059447059084,0.8867481032318705,1.5073425738227106
611,0.6246511857891047,0.8920548465460918,1.5167060323351964
612,0.6287375203536838,0.8973927879099819,1.5261303082636657
613,0.632853428653492,0.9027617350671318,1.5356151637206237
614,0.6369988490196575,0.9081614745565347,1.5451603235761922
615,0.6411737029063231,0.9135917707418058,1.554765473648129
616,0.6453778940147724,0.9190523648016615,1.5644302588164338
617,0.6496113073793971,0.9245429736802357,1.574154281059633
618,0.6538738084139791,0.9300632889957682,1.5839370974097473
619,0.6581652419166978,0.9356129759061549,1.5937782178228526
620,0.6624854310322286,0.9411916719298086,1.6036771029620371
621,0.6668341761692369,0.9467989857202285,1.6136331618894655
622,0.6712112538715157,0.9524344957926374,1.6236457496641532
623,0.6756164156409574,0.9580977492009977,1.633714164841955
624,0.6800493867104929,0.9637882601636695,1.6438376468741622
625,0.6845098647650721,0.9695055086359374,1.6540153734010095
626,0.6889975186086994,0.9752489388275782,1.6642464574362776
627,0.693511986775471,0.9810179576636064,1.6745299444390773
628,0.6980528760825169,0.986811933186285,1.6848648092688019
629,0.7026197601226732,0.9926301928964534,1.6952499530191267
630,0.7072121776946533,0.9984720220321774,1.7056841997268308
631,0.7118296311684382,1.004336661782693,1.7161662929511312
632,0.7164715847835298,1.0102233074355764,1.7266948922191063
633,0.7211374628776633,1.0161311064550365,1.7372685693327
634,0.7258266480435174,1.0220591564892025,1.74788580453272
635,0.7305384792108999,1.028006503304239,1.7585449825151387
636,0.7352722496518402,1.033972138643107,1.7692443882949473
637,0.7400272049059641,1.039954998006769,1.7799822029127332
638,0.7448025406234777,1.0459539583556094,1.7907564989790872
639,0.7495974003230581,1.0519678357288516,1.8015652360519097
640,0.7544108730618836,1.057995382779731,1.8124062558416147
641,0.7592419910150328,1.0640352862242035,1.8232772772392363
642,0.7640897269614226,1.0700861642009718,1.8341758911623944
643,0.768952991673465,1.0761465635406315,1.8450995552140965
644,0.7738306312075824,1.0822149569417872,1.8560455881493696
645,0.7787214240927367,1.0882897400520049,1.8670111641447416
646,0.7836240784141176,1.094369228451551,1.8779933068656685
647,0.7885372287891675,1.1004516545379128,1.8889888833270803
648,0.7934594332331388,1.1065351643091947,1.8999945975423336
649,0.7983891699114204,1.112617814044583,1.9110069839560033
650,0.8033248337759499,1.1186975668801806,1.9220224006561306
651,0.808264733083078,1.1247722892786736,1.9330370223617517
652,0.8132070857903675,1.1308397473914282,1.9440468331817957
653,0.8181500158299229,1.136897603311827,1.9550476191417498
654,0.8230915492559828,1.142943411218845,1.9660349604748277
655,0.8280296102646886,1.148974613410127,1.9770042236748155
656,0.832962017084125,1.1549885362240864,1.9879505533082114
657,0.8378864777329711,1.1609823858508594,1.9988688635838305
658,0.8428005856463598,1.1669532440323018,2.0097538296786617
659,0.8477018151678474,1.1728980636515862,2.0205998788194335
660,0.8525875169067394,1.1788136642134033,2.0314011811201427
661,0.8574549129604183,1.184696727216242,2.0421516401766606
662,0.8623010920017421,1.1905437914187573,2.0528448834204993
663,0.8671230042321072,1.1963512480028187,2.0634742522349256
664,0.871917456201296,1.2021153356364849,2.074032791837781
665,0.8766811054958735,1.2078321354408588,2.084513240936732
666,0.881410455298568,1.2134975658655618,2.0949080211641298
667,0.8861018488218588,1.2191073774784282,2.1052092263002873
668,0.890751463619822,1.2246571476759573,2.1154086112957793
669,0.8953553057832381,1.2301422753220903,2.1254975811053285
670,0.8999092040239882,1.2355579753240002,2.1354671793479882
671,0.9044088036559058,1.2408992731548025,2.1453080768107085
672,0.9088495604804973,1.2461609993344243,2.1550105598149214
673,0.913226734587308,1.2513377838813002,2.164564518468608
674,0.9175353840802013,1.2564240507491442,2.1739594348293454
675,0.9217703587424468,1.2614140122647095,2.1831843710071563
676,0.9259262936552896,1.2663016635842976,2.192227957239587
677,0.9299976027865937,1.2710807771887267,2.2010783799753204
678,0.9339784725682491,1.2757448974386008,2.20972337000685
679,0.9378628554832926,1.2802873352139996,2.2181501906972922
680,0.941644463686146,1.284701162665139,2.226345626351285
681,0.9453167626820222,1.2889792081031994,2.2342959707852215
682,0.948872965094387,1.2931140510632964,2.241987016157683
683,0.9523060245524437,1.2970980175745797,2.2494040421270234
684,0.955608629733885,1.3009231756756288,2.256531805409514
685,0.9587731986016877,1.3045813312167085,2.2633545298183964
686,0.9617918728774877,1.3080640239940498,2.2698558968715377
687,0.9646565127981006,1.311362524265144,2.2760190370632447
688,0.967358692206022,1.3144678296980619,2.281826521904084
689,0.9698896940293024,1.3173706628120723,2.2872603568413745
690,0.9722405062109941,1.320061468971303,2.2923019751822973
691,0.9744018181534724,1.3225304149978783,2.2969322331513506
692,0.9763640177482932,1.3247673884758822,2.3011314062241754
693,0.9781171890678985,1.3267619978225982,2.3048791868904965
694,0.9796511108013818,1.328503573208807,2.308154684010189
695,0.9809552555227146,1.3299811684154097,2.3109364239381245
696,0.9820187898862441,1.3311835637193203,2.3132023536055644
697,0.9828305758509411,1.332099269907391,2.314929845758332
698,0.9833791730417321,1.332716533523055,2.316095706564787
699,0.9836528423633152,1.3330233434564112,2.3166761858197265
700,0.9836395509890465,1.333007438994529,2.3166469899835755
701,0.9833269788547944,1.3326563194548373,2.315983298309632
702,0.9827025267950154,1.3319572555304626,2.314659782325478
703,0.9817533264656608,1.330897302482295,2.3126506289479556
704,0.9804662522057951,1.3294633153182511,2.3099295675240463
705,0.9788279349969194,1.3276419661056593,2.3064699011025787
706,0.9768247786858568,1.3254197635677323,2.302244542253589
707,0.974442978643539,1.3227830751196976,2.2972260537632367
708,0.9716685430380431,1.319718151504138,2.2913866945421812
709,0.9684873169055932,1.3162111541883537,2.2846984710939466
710,0.9648850092078268,1.312248185688945,2.2771331948967717
711,0.9608472230672523,1.3078153229901432,2.2686625460573957
712,0.9563594893752849,1.3028986542225458,2.2592581435978305
713,0.9514073039683539,1.2974843187676062,2.24889162273596
714,0.9459761685670766,1.2915585509503114,2.237534719517388
715,0.9400516356711403,1.2851077274777025,2.2251593631488427
716,0.9336193575980629,1.2781184187740355,2.2117377763720985
717,0.9266651398471333,1.2705774443541675,2.197242584201301
718,0.9191749989602109,1.2624719323649254,2.1816469313251363
719,0.9111352250384376,1.2537893834095155,2.164924608447953
720,0.9025324490578966,1.2445177387521382,2.1470501878100348
721,0.8933537151074852,1.2346454529786222,2.1279991680861072
722,0.8835865576484718,1.22416157116379,2.107748128812262
723,0.8732190838669214,1.213055810567118,2.0862748944340392
724,0.8622400611571629,1.2013186468447863,2.063558708001949
725,0.8506390097362638,1.1889414047281779,2.039580414464442
726,0.8384063003459452,1.175916353076028,2.0143226534219734
727,0.8255332569489626,1.1622368041595519,1.9877700611085145
728,0.8120122642717773,1.1478972169868507,1.959909481258628
729,0.797836879983822,1.1328933044145706,1.9307301843983926
730,0.7830019512359607,1.1172221437311727,1.9002240949671334
731,0.7675037352067179,1.1008822903272693,1.868386025533987
732,0.7513400232244897,1.0838738939944692,1.835213917218959
733,0.7345102679476181,1.0661988173152483,1.8007090852628664
734,0.7170157129920001,1.0478607555229438,1.7648764685149438
735,0.698859524298501,1.028865357123515,1.7277248814220159
736,0.680046922430255,1.00922034447992,1.689267266910175
737,0.6605853148840389,0.9889356334666144,1.6495209483506534
738,0.6404844273911022,0.9680234512068138,1.608507878597916
739,0.619756433072512,0.9464984508099501,1.5662548838824621
740,0.5984160782037437,0.9243778219325876,1.5227939001363313
741,0.576480803234455,0.9016813958945136,1.4781621991289686
742,0.5539708576042763,0.8784317439945961,1.4324026015988724
743,0.5309094067962146,0.854654267590252,1.3855636743864665
744,0.507322629978134,0.8303772784321668,1.337699908410301
745,0.4832398065027001,0.8056320676845776,1.2888718741872778
746,0.458693389469707,0.7804529620134038,1.2391463514831107
747,0.4337190645049507,0.7548773650923706,1.1885964295973213
748,0.4083557918798153,0.7289457828636103,1.1373015747434256
749,0.38264583008862474,0.7027018308966699,1.0853476609852946
750,0.3566347390195584,0.6761922222209416,1.0328269612404999
751,0.33037136090267477,0.6494667340637248,0.9798380949663996
752,0.3039077772979225,0.6225781520115883,0.9264859293095108
753,0.2772992404993931,0.5955821902284137,0.8728814307278068
754,0.25060407788182604,0.5685373865109451,0.8191414643927711
755,0.22388356790258723,0.5415049711429565,0.7653885390455437
756,0.19720178669809096,0.5145487087227255,0.7117504954208165
757,0.17062542447838658,0.48773471238522936,0.6583601368636159
758,0.1442235712259708,0.46113123011942037,0.6053548013453911
759,0.11806747154374196,0.4348084031903784,0.5528758747341204
760,0.09223024886967086,0.40883799701345924,0.5010682458831301
761,0.06678659967796066,0.38329310518925996,0.4500797048672206
762,0.04181245871407331,0.35824782778985653,0.40006028650392983
763,0.01738463675761246,0.3337769253829961,0.35116156214060856
764,-0.006419567134374533,0.3099554506855139,0.30353588355113936
765,-0.029522776487829222,0.28685836014320365,0.25733558365537446
766,-0.05184796850210563,0.26456010813398867,0.21271213963188304
767,-0.07331892205197704,0.24313422687630065,0.1698153048243236
768,-0.09386067886300628,0.2226528954864811,0.12879221662347481
769,-0.11340001373600234,0.20318650195902543,0.0897864882230231
770,-0.1318659093549441,0.18480320213291968,0.05293729277797557
771,-0.14919003092577943,0.1675684799478301,0.018378449022050686
772,-0.16530719566991203,0.15154471347772377,-0.013762482192188258
773,-0.18015583204477142,0.1367907513497133,-0.04336508069505812
774,-0.19367842349107012,0.12336150420670344,-0.07031691928436667
775,-0.20582193151812428,0.11130755584929813,-0.09451437566882614
776,-0.21653819303840133,0.10067479859245648,-0.11586339444594485
777,-0.22578428705226666,0.09150409719434303,-0.13428018985792362
778,-0.23352286606262868,0.0838309854593056,-0.14969188060332306
779,-0.23972244796527714,0.07768539928643466,-0.1620370486788425
780,-0.24435766460781977,0.07309144953412186,-0.1712662150736979
781,-0.24740946373236378,0.07006723760569379,-0.17734222612667
782,-0.2488652616046963,0.06862471613952434,-0.18024054546517196
783,-0.24871904427454555,0.0687695966185434,-0.17994944765600215
784,-0.24697141609563594,0.07050130510957264,-0.1764701109860633
785,-0.24362959484606989,0.07381298671425665,-0.16981660813181323
786,-0.23870735351563116,0.07869155867303072,-0.16001579484260042
787,-0.23222490955046116,0.08511781142441381,-0.14710709812604733
788,-0.22420876305392967,0.09306655629674672,-0.13114220675718297
789,-0.21469148611967465,0.10250681791072064,-0.11218466820895401
790,-0.20371146610562396,0.11340206881032383,-0.09030939729530013
791,-0.1913126062344513,0.12571050332777284,-0.06560210290667845
792,-0.177543987414712,0.13938534723383822,-0.03815864018087378
793,-0.16245949561022455,0.15437519933639823,-0.008084296273826314
794,-0.14611741943510026,0.17062440087298003,0.02450698143787977
795,-0.12858002291508644,0.18807342830153825,0.059493405386451814
796,-0.10991309852873307,0.20665930492993223,0.09674620640119916
797,-0.09018550572576194,0.22631602673875875,0.13613052101299683
798,-0.06946870011578894,0.2469749977428283,0.17750629762703934
799,-0.047836258433258824,0.2685654703004007,0.22072921186714184
800,-0.02536340421891669,0.29101498591158687,0.26565158169267017
801,-0.002126538922675064,0.3142498122420262,0.31212327331935114
802,0.02179721716507932,0.3381953723579876,0.3599925895230669
803,0.046330470096862225,0.3627766624565075,0.4091071325533697
804,0.0713959799022648,0.38791865471065945,0.45931463461292427
805,0.09691706743415532,0.41354668221682944,0.5104637496509847
806,0.12281799763590347,0.43958680341922207,0.5624048010551256
807,0.14902433689833938,0.46596614378819773,0.6149904806865372
808,0.17546328263795286,0.49261321293530286,0.6680764955732557
809,0.2020639636850986,0.5194581957514208,0.7215221594365194
810,0.2287577105143484,0.5464332165484751,0.7751909270628234
811,0.25547829477271883,0.5734725755634825,0.8289508703362014
812,0.28216213795843276,0.6005129575413171,0.8826750954997498
813,0.30874848946990374,0.6274936124450119,0.9362421019149156
814,0.33517957457656383,0.6543565086464684,0.9895360832230322
815,0.3614007131592402,0.6810464592236176,1.042447172382858
816,0.3873604103250063,0.7075112222307902,1.0948716325557966
817,0.4130104202203804,0.7337015760165624,1.1467119962369428
818,0.4383057845469627,0.7595713708375713,1.197877155384534
819,0.463204847426551,0.7850775581583646,1.2482824055849155
820,0.48766924836980563,0.8101801991374038,1.2978494475072093
821,0.5116638951759693,0.8348424538795026,1.3465063490554718
822,0.5351569186332494,0.8590305530872266,1.394187471720476
823,0.5581196109034379,0.8827137537703761,1.4408333646738138
824,0.5805263494626867,0.905864280676073,1.4863906301387597
825,0.6023545084366105,0.9284572550847441,1.5308117635213545
826,0.6235843591147977,0.9504706125820581,1.5740549716968557
827,0.6441989613607083,0.9718850113662408,1.6160839727269491
828,0.6641840475505704,0.9926837325866895,1.6568677801372598
829,0.6835279005821172,1.0128525741358838,1.696380474718001
830,0.7022212273935455,1.032379739234523,1.7346009666280686
831,0.7202570293270769,1.0512557210617381,1.771512750388815
832,0.7376304705623761,1.069473184590091,1.807103655152467
833,0.7543387457345455,1.0870268466905815,1.8413655924251269
834,0.7703809477413427,1.1039133554776601,1.8742943032190027
835,0.7857579366358446,1.1201311697695568,1.9058891064054015
836,0.8004722103955374,1.1356804394462978,1.9361526498418353
837,0.8145277782574075,1.150562887397542,1.9650906656549494
838,0.8279300372121337,1.1647816936655997,1.9927117308777333
839,0.8406856521593226,1.1783413823063689,2.0190270344656915
840,0.8528024401404117,1.1912477114128706,2.0440501515532823
841,0.8642892589867404,1.2035075666729687,2.067796825659709
842,0.8751559006473274,1.2151288587649116,2.090284759412239
843,0.8854129893943649,1.2261204248316875,2.1115334142260522
844,0.8950718850441084,1.236491934217823,2.1315638192619315
845,0.9041445912766402,1.2462537986001876,2.1503983898768277
846,0.9126436690897505,1.255417086597404,2.1680607556871543
847,0.9205821553795768,1.2639934429005253,2.184575598280102
848,0.9279734866034477,1.271995011930438,2.1999684985338854
849,0.9348314274482351,1.2794343659947887,2.214265793443024
850,0.9411700044000834,1.2863244378888652,2.2274944422889487
851,0.9470034440883452,1.2926784578604358,2.239681901948781
852,0.9523461162575024,1.2985098948378742,2.250856011095377
853,0.9572124812054736,1.303832401803605,2.2610448830090784
854,0.9616170415146563,1.3086597651807403,2.2702768066953967
855,0.9655742978929487,1.313005858089461,2.27858015598241
856,0.9690987089356096,1.3168845973209216,2.285983306256531
857,0.9722046546147161,1.3203099038700077,2.292514558484724
858,0.9749064033010177,1.323295666863847,2.298202070164865
859,0.9772180821227772,1.325855710720369,2.303073792843146
860,0.979153650467563,1.3280037653701884,2.3071574158377515
861,0.9807268764356536,1.3297534393754273,2.310480315811081
862,0.981951316057519,1.3311181957806573,2.3130695118381763
863,0.9828402950925919,1.3321113305336711,2.314951625626263
864,0.9834068932320346,1.3327459533172115,2.316152846549246
865,0.9836639305343091,1.3330349706368887,2.316698901171198
866,0.9836239559289262,1.3329910710152026,2.316615026944129
867,0.9832992376306582,1.3326267121467246,2.315925949777383
868,0.9827017553136522,1.3319541098749774,2.3146558651886298
869,0.9818431939021741,1.3309852288573183,2.3128284227594924
870,0.9807349388420752,1.329731774790029,2.3104667136321044
871,0.979388072724418,1.328205188071873,2.307593260796291
872,0.9778133731399999,1.3264166387904377,2.3042300119304375
873,0.9760213116506753,1.324377022921652,2.3003983345723276
874,0.9740220537704051,1.3220969596388716,2.296119013409277
875,0.9718254598557916,1.3195867896338516,2.2914122494896434
876,0.9694410868124735,1.3168565743577028,2.286297661170176
877,0.9668781905301262,1.3139160960955787,2.2807942866257047
878,0.9641457289649578,1.3107748587943038,2.2749205877592615
879,0.9612523657944331,1.3074420895674301,2.2686944553618633
880,0.958206474574568,1.3039267408072923,2.2621332153818603
881,0.9550161433354399,1.3002374928384983,2.255253636173938
882,0.9516891795556146,1.2963827570519373,2.248071936607552
883,0.9482331154609467,1.2923706794628367,2.2406037949237834
884,0.9446552135977222,1.288209144640594,2.2328643582383165
885,0.9409624726343218,1.2839057799621203,2.2248682525964423
886,0.9371616333495837,1.2794679601441938,2.2166295934937774
887,0.933259184769746,1.2749028120139043,2.2081619967836503
888,0.9292613704193405,1.2702172194796042,2.199478589898945
889,0.9251741946546512,1.2654178286679583,2.1905920233226093
890,0.9210034290513802,1.260511053195622,2.1815144822470023
891,0.9167546188209688,1.255503079546865,2.172257698367834
892,0.9124330892326352,1.2503998725310306,2.162832961763666
893,0.908043952020601,1.2452071807961496,2.1532511328167505
894,0.9035921117582136,1.2399305423772626,2.1435226541354764
895,0.8990822721827336,1.2345752902601077,2.133657562442841
896,0.8945189424564505,1.2291465579427645,2.123665500399215
897,0.8899064433515378,1.2236492849796468,2.1135557283311845
898,0.8852489133476663,1.2180882224939036,2.10333713584157
899,0.8805503146328477,1.21246793864582,2.0930182532786676
900,0.8758144389993382,1.2067928240462378,2.082607263045576
901,0.8710449136276537,1.2010670971053155,2.072112010732969
902,0.8662452067528519,1.1952948093081506,2.0615400160610022
903,0.8614186332082747,1.1894798504098947,2.0508984836181696
904,0.8565683598428422,1.1836259535439975,2.0401943133868397
905,0.8516974108088337,1.1777367002381451,2.029434111046979
906,0.84680867271785,1.1718155253332994,2.0186241980511492
907,0.8419048996633055,1.1658657218020219,2.0077706214653275
908,0.8369887181084402,1.1598904454629568,1.9968791635713972
909,0.8320626316393562,1.1538927195889959,1.985955351228352
910,0.8271290255830854,1.1478754394072117,1.9750044649902971
911,0.8221901714911257,1.1418413764891802,1.9640315479803059
912,0.8172482314892631,1.1357931830307708,1.9530414145200339
913,0.8123052624948338,1.129733396020916,1.9420386585157496
914,0.8073632203028873,1.1236644412992423,1.9310276616021296
915,0.8024239635429458,1.1175886375027908,1.9200126010457366
916,0.79748925750831,1.1115081999023493,1.9089974574106594
917,0.7925607778600314,1.1054252441291956,1.897986021989227
918,0.7876401142078405,1.099341789793276,1.8869819040011166
919,0.7827287735704617,1.0932597639940635,1.8759885375645253
920,0.7778281837178571,1.0871810047255102,1.8650091884433673
921,0.7729396963980346,1.0811072641766741,1.8540469605747087
922,0.768064590451131,1.0750402119297366,1.8431048023808676
923,0.7632040748135357,1.0689814380572311,1.8321855128707667
924,0.7583592914148596,1.06293245612042,1.8212917475352797
925,0.7535313179705888,1.0568947060708214,1.8104260240414103
926,0.7487211706732636,1.0508695570569633,1.799590727730227
927,0.7439298067850508,1.0448583101384912,1.788788116923542
928,0.7391581271345351,1.038862200909799,1.778020328044334
929,0.7344069785205823,1.0328824020353802,1.7672893805559626
930,0.7296771560260656,1.0269200256991173,1.756597181725183
931,0.7249694052442527,1.0209761259697379,1.7459455312139904
932,0.7202844244205808,1.0150517010846696,1.7353361255052504
933,0.7156228665125467,1.0091476956545224,1.7247705621670693
934,0.7109853411703507,1.003265002790414,1.7142503439607646
935,0.7063724166409243,0.9974044661563419,1.7037768827972664
936,0.7017846215978988,0.9915668819487822,1.693351503546681
937,0.6972224469000221,0.9857530008056707,1.6829754477056929
938,0.6926863472804765,0.9799635296468956,1.672649876927372
939,0.6881767429695012,0.9741991334483945,1.6623758764178955
940,0.6836940212526422,0.9684604369519181,1.6521544582045604
941,0.6792385379669246,0.9627480263124846,1.6419865642794091
942,0.67481061893715,0.9570624506855077,1.6318730696226575
943,0.6704105613544854,0.9514042237555429,1.6218147851100282
944,0.666038635099437,0.9457738252085549,1.6118124603079917
945,0.6616950840112413,0.9401717021495626,1.6018667861608038
946,0.6573801271056573,0.9345982704674787,1.5919783975731359
947,0.6530939597430695,0.9290539161489131,1.5821478758919825
948,0.6488367547487572,0.9235389965426659,1.5723757512914232
949,0.6446086634871371,0.9180538415765908,1.5626625050637277
950,0.6432168260907081,0.9163978594338917,1.5596146855245998
951,0.6448835802013725,0.9185621500364609,1.5634457302378335
952,0.6465606335429633,0.9207385673098261,1.5672992008527893
953,0.6482480059191346,0.9229271158270806,1.571175121746215
954,0.6499457162417451,0.9251277988520952,1.5750735150938402
955,0.6516537824968591,0.9273406182978321,1.5789944007946912
956,0.6533722217098502,0.929565574683667,1.5829377963935172
957,0.6551010499095871,0.931802667091694,1.586903717001281
958,0.6568402820916859,0.9340518931219999,1.5908921752136858
959,0.658589932180801,0.9363132488468818,1.5949031810276828
960,0.6603500129919345,0.93858672876399,1.5989367417559244
961,0.6621205361907485,0.9408723257483738,1.6029928619391223
962,0.6639015122528492,0.9431700310034101,1.6070715432562594
963,0.6656929504220309,0.9454798340105924,1.6111727844326234
964,0.6674948586674455,0.9478017224781575,1.615296581145603
965,0.6693072436396863,0.9501356822885303,1.6194429259282166
966,0.6711301106257523,0.9524816974445625,1.6236118080703148
967,0.6729634635028806,0.9548397500145427,1.6278032135174234
968,0.674807304691211,0.9572098200759578,1.6320171247671689
969,0.6766616351052654,0.9595918856579788,1.6362535207632443
970,0.6785264541042232,0.9619859226826524,1.6405123767868757
971,0.6804017594409504,0.9643919049047727,1.644793664345723
972,0.6822875472097776,0.9668098038504089,1.6490973510601865
973,0.6841838117929878,0.9692395887540705,1.6534234005470583
974,0.6860905458059927,0.9716812264944796,1.6577717723004723
975,0.688007740041175,0.9741346815289338,1.6621424215701088
976,0.6899353834103655,0.976599915826231,1.6665352992365965
977,0.691873462885927,0.9790768887981347,1.6709503516840618
978,0.6938219634404318,0.9815655572293573,1.6753875206697892
979,0.6957808679848871,0.9840658752060354,1.6798467431909225
980,0.6977501573054968,0.986577794042675,1.684327951348172
981,0.699729809998926,0.9891012622075446,1.6888310722064706
982,0.7017198024060387,0.9916362252464888,1.6933560276525275
983,0.7037201085440933,0.9941826257051455,1.6979027342492388
984,0.7057307000373524,0.9967404030495367,1.702471103086889
985,0.7077515460460921,0.9993094935850162,1.7070610396311083
986,0.7097826131939774,1.001889830373548,1.7116724435675255
987,0.7118238654937826,1.0044813431492958,1.7163052086430786
988,0.7138752642714208,1.0070839582324997,1.7209592225039205
989,0.7159367680882628,1.0096975984416192,1.725634366529882
990,0.7180083326617155,1.0123221830037243,1.7303305156654398
991,0.7200899107840351,1.0149576274631096,1.7350475382471446
992,0.722181452239345,1.0176038435881156,1.7397852958274607
993,0.724282903718836,1.0202607392761363,1.744543642994972
994,0.7263942087341239,1.0229282184567943,1.749322427190918
995,0.7285153075287324,1.0256061809932666,1.754121488521999
996,0.7306461369876828,1.0282945225817441,1.758940659569427
997,0.7327866305451678,1.0309931346490078,1.7637797651941756
998,0.7349367180902776,1.033701904248108,1.7686386223383854
999,0.737096325870761,1.0364207139521324,1.7735170398228934
